source,target,type,relationship,weight
117295242239181001,117299334945965244,Directed,reply,1
117194027658071195,117194075717927557,Directed,reply,1
116747761994004460,116747767870762155,Directed,reply,1
116140525942854557,116144056877350257,Directed,reply,1
116095767310815135,116095775757558291,Directed,reply,1
115862104175938742,115862104869132956,Directed,reply,1
115860825305397368,115860831492893831,Directed,reply,1
115857727793480523,115857729974592915,Directed,reply,1
115857727793480523,115857741270551663,Directed,reply,1
115857168615891965,115857427325235754,Directed,reply,1
115856009106807598,115856053013643551,Directed,reply,1
115854611376078735,115856009106807598,Directed,reply,1
115854611376078735,115854623375842472,Directed,reply,1
115854611376078735,115854652313493055,Directed,reply,1
115854611376078735,115854683728375615,Directed,reply,1
113875310641374062,113875323846458923,Directed,reply,1
113875310641374062,113875382699036904,Directed,reply,1
113811049690274867,113811076672672442,Directed,reply,1
113795021614512372,113795112275048434,Directed,reply,1
115810886249013992,115811147071655880,Directed,reply,1
115766991954871859,115767377927080411,Directed,reply,1
115766945955359559,115766968798026272,Directed,reply,1
115766945955359559,115767200268037113,Directed,reply,1
115766106437326198,115766120450055025,Directed,reply,1
115766106437326198,115766122970884512,Directed,reply,1
115766106437326198,115766748664716798,Directed,reply,1
115746517770467142,115746706675896845,Directed,reply,1
115746512556068437,115746517770467142,Directed,reply,1
115746508724294249,115746512556068437,Directed,reply,1
115746503205898752,115746508724294249,Directed,reply,1
115741685500827180,115741703680698911,Directed,reply,1
115702028822190275,115702036897735794,Directed,reply,1
115673725398048557,115673735498048116,Directed,reply,1
115673725398048557,115673922878708213,Directed,reply,1
115673725398048557,115674234054653178,Directed,reply,1
115584108338523472,115584111530121617,Directed,reply,1
115584108338523472,115584125391234415,Directed,reply,1
115567490139653213,115567511792931755,Directed,reply,1
115538599253191419,115538610365196845,Directed,reply,1
115501297809347547,115501318377521978,Directed,reply,1
115417806843219430,115418316972297989,Directed,reply,1
115381118609639892,115381243002138383,Directed,reply,1
115380996257828759,115381022681742244,Directed,reply,1
115380896237964235,115380935424701957,Directed,reply,1
115372889814718392,115372895562909045,Directed,reply,1
115368573911797291,115368683688169347,Directed,reply,1
115368480917384980,115368514879459050,Directed,reply,1
115363616850555345,115363655220632038,Directed,reply,1
115344919621641246,115344938992307250,Directed,reply,1
115339766448466679,115340665420807753,Directed,reply,1
115339766448466679,115339778768892652,Directed,reply,1
115339766448466679,115339798833150661,Directed,reply,1
115339766448466679,115339864949549353,Directed,reply,1
115339766448466679,115340634556427437,Directed,reply,1
115339649025221818,115340114404520168,Directed,reply,1
115219977377728994,115220880777836250,Directed,reply,1
115183366008447815,115183392837262446,Directed,reply,1
115183366008447815,115183395608723016,Directed,reply,1
115183366008447815,115184473341783767,Directed,reply,1
115029263552406997,115029284380377454,Directed,reply,1
115029263552406997,115029291621506005,Directed,reply,1
114933139250753036,114933152114382517,Directed,reply,1
114933139250753036,114933232217293514,Directed,reply,1
114903728313857072,114903977468238802,Directed,reply,1
114860090572210722,114860094717011886,Directed,reply,1
114819514159149650,114819527507449354,Directed,reply,1
114813422214081159,114813429338734320,Directed,reply,1
114813422214081159,114813867435091066,Directed,reply,1
114706651392565876,114706651462445468,Directed,reply,1
114558280397998041,114559972743013676,Directed,reply,1
114504063338945112,114504068633798785,Directed,reply,1
114501402865859168,114501466256900424,Directed,reply,1
114501402865859168,114505421584145408,Directed,reply,1
114345776330808021,114345782381526607,Directed,reply,1
114345771899959908,114345776330808021,Directed,reply,1
114251911752004056,114251920843796080,Directed,reply,1
114240611057097110,114240620817226747,Directed,reply,1
114240593408976390,114240611057097110,Directed,reply,1
114163243744163597,114163251519009486,Directed,reply,1
114147609842090759,114147619473579509,Directed,reply,1
114137669648152680,114142745151102846,Directed,reply,1
114085044568596511,114085052794786571,Directed,reply,1
114072958498887133,114072982064406724,Directed,reply,1
114042277749549905,114042287610406542,Directed,reply,1
114028229992415027,114028230055890562,Directed,reply,1
114005179593285340,114005179681779126,Directed,reply,1
114003465211401565,114003487880834912,Directed,reply,1
114003465211401565,114003490037702516,Directed,reply,1
114000602748551874,114000614965775998,Directed,reply,1
113999520160492175,113999538064978838,Directed,reply,1
113999520160492175,113999528042974002,Directed,reply,1
113999230738457089,113999484813987099,Directed,reply,1
113999230738457089,113999500017608716,Directed,reply,1
113994561488166388,113994597760472948,Directed,reply,1
113994195191473933,113994303455617826,Directed,reply,1
113993581540020864,113993693088758249,Directed,reply,1
113993581540020864,113993927566089765,Directed,reply,1
113993405339926360,113993456915323486,Directed,reply,1
113991785108790926,113991794519150244,Directed,reply,1
113991575077661119,113991678384613204,Directed,reply,1
113986221462633798,113986251604944303,Directed,reply,1
113959719303326243,113959719368598393,Directed,reply,1
113952710061407508,113952713204433451,Directed,reply,1
113952710061407508,113952989211193657,Directed,reply,1
113943443327082552,113943483030542731,Directed,reply,1
113943443327082552,113943454159821179,Directed,reply,1
113943443327082552,113944018752383835,Directed,reply,1
113929447271909073,113930525004830980,Directed,reply,1
113924961026083817,113924977488887565,Directed,reply,1
113924961026083817,113925233482342800,Directed,reply,1
113922435281360855,113924397419689579,Directed,reply,1
113921967376971453,113922435281360855,Directed,reply,1
113912713087427056,113912717966673166,Directed,reply,1
113912713087427056,113912735613076577,Directed,reply,1
113907902542308169,113907902625934754,Directed,reply,1
113903741299595588,113904060032274063,Directed,reply,1
113902553796345464,113902624117854269,Directed,reply,1
113902553796345464,113902850281198818,Directed,reply,1
113902553796345464,113903111075155029,Directed,reply,1
113898214224846860,113898228173326159,Directed,reply,1
113894506747628177,113894518464002090,Directed,reply,1
113894469581075186,113894495163563529,Directed,reply,1
113894469581075186,113894490642539227,Directed,reply,1
113894469581075186,113894485459031301,Directed,reply,1
113885208481149589,113885229090141239,Directed,reply,1
113885206093947843,113885208481149589,Directed,reply,1
113885033160802251,113885066708613025,Directed,reply,1
113885014766686655,113885022794697047,Directed,reply,1
113885014766686655,113885046943655825,Directed,reply,1
113871748643567092,113878067817814542,Directed,reply,1
113869997142495898,113870002821875522,Directed,reply,1
113869997142495898,113870032890929043,Directed,reply,1
113864181782068717,113864197588553249,Directed,reply,1
113864181782068717,113864184516722652,Directed,reply,1
113864181782068717,113864557994410270,Directed,reply,1
113852276316027668,113852279732365360,Directed,reply,1
113852276316027668,113852450188240464,Directed,reply,1
113852276316027668,113852583835249665,Directed,reply,1
113851229601119341,113851237512842203,Directed,reply,1
113851229601119341,113851234647243670,Directed,reply,1
113850278982288279,113850896533624710,Directed,reply,1
113850278982288279,113851282061672131,Directed,reply,1
113849819464668791,113851117983739776,Directed,reply,1
113841220838978293,113841226681340017,Directed,reply,1
113841220838978293,113841504883463074,Directed,reply,1
113841220838978293,113842006535304342,Directed,reply,1
113841220838978293,113842211448227963,Directed,reply,1
113841220838978293,113845688504755947,Directed,reply,1
113841220838978293,113846276823485852,Directed,reply,1
113840089721855461,113840094250970158,Directed,reply,1
113840089721855461,113840245418582691,Directed,reply,1
113838713272765638,113838722380266296,Directed,reply,1
113841504883463074,113841617072381650,Directed,reply,1
113841504883463074,113841671971346971,Directed,reply,1
113841504883463074,113841973355569668,Directed,reply,1
113841671971346971,113841688887902343,Directed,reply,1
113841671971346971,113841797387892738,Directed,reply,1
113841688887902343,113841703212112115,Directed,reply,1
113841703212112115,113841747952650155,Directed,reply,1
113841703212112115,113841818520733373,Directed,reply,1
113841818520733373,113841846131087689,Directed,reply,1
113841846131087689,113841941090043439,Directed,reply,1
113841797387892738,113841812097114155,Directed,reply,1
113841797387892738,113841841304212042,Directed,reply,1
113841841304212042,113841854501093890,Directed,reply,1
113841841304212042,113841947112105740,Directed,reply,1
113841854501093890,113841933505171572,Directed,reply,1
113841854501093890,113841937889003249,Directed,reply,1
113841973355569668,113841991521772487,Directed,reply,1
113841991521772487,113841993764888990,Directed,reply,1
113841991521772487,113842024805799780,Directed,reply,1
113842024805799780,113842035269278019,Directed,reply,1
113842024805799780,113842185424932436,Directed,reply,1
113842211448227963,113842223256341730,Directed,reply,1
113842223256341730,113842774759200379,Directed,reply,1
113842774759200379,113844341515599295,Directed,reply,1
113845688504755947,113845866107827616,Directed,reply,1
113845688504755947,113845945658245181,Directed,reply,1
115854623375842472,115854632475659765,Directed,reply,1
113864184516722652,113864205923150732,Directed,reply,1
115766120450055025,115766126326607146,Directed,reply,1
115766122970884512,115766130424278744,Directed,reply,1
115766130424278744,115766455237777523,Directed,reply,1
115766455237777523,115766500390341930,Directed,reply,1
115673735498048116,115673793174000084,Directed,reply,1
115673922878708213,115674175368510026,Directed,reply,1
115673922878708213,115675997900937321,Directed,reply,1
115675997900937321,115676009152675489,Directed,reply,1
115676009152675489,115676014081343480,Directed,reply,1
115676014081343480,115676146082536207,Directed,reply,1
115183395608723016,115183453889350868,Directed,reply,1
115183395608723016,115183502741567570,Directed,reply,1
115183502741567570,115183505119438440,Directed,reply,1
113902624117854269,113902650254318973,Directed,reply,1
113903111075155029,113904419014443043,Directed,reply,1
113904419014443043,113904484009910628,Directed,reply,1
113852279732365360,113852368723290693,Directed,reply,1
113852279732365360,113852283051684505,Directed,reply,1
113852279732365360,113852344194721771,Directed,reply,1
113852368723290693,113852470160141720,Directed,reply,1
113852283051684505,113852288663045405,Directed,reply,1
113852344194721771,113852349121220623,Directed,reply,1
113852344194721771,113852414886078091,Directed,reply,1
113852583835249665,113852588801475152,Directed,reply,1
115857729974592915,115857735856591743,Directed,reply,1
113875382699036904,113875443299781052,Directed,reply,1
115766968798026272,115766984521347241,Directed,reply,1
115584125391234415,115584224982131341,Directed,reply,1
114813196014841913,114813219363300035,Directed,reply,1
114813219363300035,114813242740888190,Directed,reply,1
114813242740888190,114813248502167664,Directed,reply,1
114813248502167664,114813271490131542,Directed,reply,1
114813271490131542,114813288348060914,Directed,reply,1
114813288348060914,114813306295487258,Directed,reply,1
114813306295487258,114813319866253334,Directed,reply,1
114813319866253334,114813353330463833,Directed,reply,1
114813353330463833,114813367076363472,Directed,reply,1
114813367076363472,114813389509833959,Directed,reply,1
114813389509833959,114813422214081159,Directed,reply,1
114813429338734320,114813509037966763,Directed,reply,1
114501466256900424,114501573501348819,Directed,reply,1
114501573501348819,114501594387584063,Directed,reply,1
114501594387584063,114501602965404386,Directed,reply,1
114501594387584063,114501605342474251,Directed,reply,1
114501602965404386,114501607706268109,Directed,reply,1
114501602965404386,114501631612000083,Directed,reply,1
114003487880834912,114003495726886464,Directed,reply,1
114003495726886464,114003575647018481,Directed,reply,1
114003575647018481,114003590500353960,Directed,reply,1
114003490037702516,114003555195391353,Directed,reply,1
114003555195391353,114003571302820728,Directed,reply,1
113999538064978838,113999543985141664,Directed,reply,1
113999538064978838,113999657772965614,Directed,reply,1
113999543985141664,113999549002180321,Directed,reply,1
113999543985141664,113999563234784319,Directed,reply,1
113999549002180321,113999627692706560,Directed,reply,1
113999657772965614,113999664867760400,Directed,reply,1
113999627692706560,113999682937032590,Directed,reply,1
113999484813987099,113999489024965239,Directed,reply,1
113993693088758249,113993700751575186,Directed,reply,1
113993393436463135,113993405339926360,Directed,reply,1
113952713204433451,113952811318129228,Directed,reply,1
113952811318129228,113952819514894109,Directed,reply,1
113952819514894109,113952875498952083,Directed,reply,1
113952875498952083,113952982708891167,Directed,reply,1
113924977488887565,113925079354322112,Directed,reply,1
113925079354322112,113925083457781148,Directed,reply,1
113925079354322112,113925098384486490,Directed,reply,1
113912717966673166,113912729269827495,Directed,reply,1
113912729269827495,113913052413407873,Directed,reply,1
113912729269827495,113912747443702766,Directed,reply,1
113912729269827495,113912757880492266,Directed,reply,1
113912729269827495,113912775249653289,Directed,reply,1
113912729269827495,113912794521467766,Directed,reply,1
113912729269827495,113912886114412170,Directed,reply,1
113913052413407873,113913119314980123,Directed,reply,1
113913052413407873,113913740796323404,Directed,reply,1
113912747443702766,113912915706524513,Directed,reply,1
113912886114412170,113913023698178445,Directed,reply,1
113913119314980123,113913129421146205,Directed,reply,1
113912735613076577,113912771998789903,Directed,reply,1
113912771998789903,113913064172301574,Directed,reply,1
113885022794697047,113885033160802251,Directed,reply,1
113885022794697047,113885077884445532,Directed,reply,1
113885022794697047,113885610832105457,Directed,reply,1
113885077884445532,113885083553211098,Directed,reply,1
113885046943655825,113885048493130496,Directed,reply,1
113885048493130496,113885054605672540,Directed,reply,1
113885054605672540,113885059313562588,Directed,reply,1
113868609110686840,113868906674552952,Directed,reply,1
113868906674552952,113869502245055252,Directed,reply,1
113869502245055252,113869980994377521,Directed,reply,1
113869980994377521,113869997142495898,Directed,reply,1
113870002821875522,113870012723686194,Directed,reply,1
113870012723686194,113870864666415471,Directed,reply,1
113870864666415471,113875402140723373,Directed,reply,1
113875402140723373,113875425104935718,Directed,reply,1
113875425104935718,113881958274069748,Directed,reply,1
113875425104935718,113875644634495188,Directed,reply,1
113881958274069748,113882413054208966,Directed,reply,1
113882413054208966,113883022538180858,Directed,reply,1
113883022538180858,113892908233467801,Directed,reply,1
113892908233467801,113893853247616471,Directed,reply,1
113892908233467801,113904567948071478,Directed,reply,1
113893853247616471,113893863882137682,Directed,reply,1
113893863882137682,113904008684671882,Directed,reply,1
113904008684671882,113920424691790294,Directed,reply,1
113920424691790294,113921290804899554,Directed,reply,1
113920424691790294,113920598436864114,Directed,reply,1
113920424691790294,113925468186329409,Directed,reply,1
113921290804899554,113925574281567722,Directed,reply,1
113925574281567722,113926738483470237,Directed,reply,1
113926738483470237,113927269345612992,Directed,reply,1
113927269345612992,113928437993384728,Directed,reply,1
113928437993384728,113932543712985793,Directed,reply,1
113932543712985793,113943413034178574,Directed,reply,1
113932543712985793,113932575953730627,Directed,reply,1
113943413034178574,113944156455859234,Directed,reply,1
113943413034178574,113943421825112465,Directed,reply,1
113943413034178574,113943851353302899,Directed,reply,1
113944156455859234,113948256832071826,Directed,reply,1
113948256832071826,113948295594785732,Directed,reply,1
113948256832071826,113948496023097737,Directed,reply,1
113948295594785732,113948546326653672,Directed,reply,1
113948295594785732,113948304878657812,Directed,reply,1
113948546326653672,113952472832890993,Directed,reply,1
113952472832890993,113952557101118417,Directed,reply,1
113952557101118417,113952691684426191,Directed,reply,1
113952691684426191,113953619634402370,Directed,reply,1
113953619634402370,113953845740541498,Directed,reply,1
113953845740541498,113959156976840548,Directed,reply,1
113953845740541498,113957761044437250,Directed,reply,1
113959156976840548,113959252767386229,Directed,reply,1
113959252767386229,113959631627502506,Directed,reply,1
113959631627502506,113960291422731372,Directed,reply,1
113959631627502506,113961194080830255,Directed,reply,1
113960291422731372,114026821282040572,Directed,reply,1
114026821282040572,114038404389523746,Directed,reply,1
114026821282040572,114029417396699682,Directed,reply,1
114038404389523746,114137074317158961,Directed,reply,1
114038404389523746,114038563769915092,Directed,reply,1
114137074317158961,114159739662898080,Directed,reply,1
114137074317158961,114137818640485678,Directed,reply,1
114137074317158961,114140799222476905,Directed,reply,1
114159739662898080,114214785028868910,Directed,reply,1
114159739662898080,114160116017232129,Directed,reply,1
114214785028868910,114218721263653989,Directed,reply,1
114218721263653989,114231121672118733,Directed,reply,1
114231121672118733,115742897487125539,Directed,reply,1
113875644634495188,113875705655100089,Directed,reply,1
113875705655100089,113877135880498976,Directed,reply,1
113877135880498976,113882150985610805,Directed,reply,1
113882150985610805,113882183540549373,Directed,reply,1
113882183540549373,113882199384878949,Directed,reply,1
113948304878657812,113948325522326079,Directed,reply,1
114029417396699682,114029426121785868,Directed,reply,1
114038563769915092,114038600167747937,Directed,reply,1
114137818640485678,114139950925687992,Directed,reply,1
114139950925687992,114151652303159770,Directed,reply,1
114151652303159770,114151847783639817,Directed,reply,1
114160116017232129,114162655345767067,Directed,reply,1
113961194080830255,113961247214006812,Directed,reply,1
113948496023097737,113948539716798502,Directed,reply,1
113948539716798502,113948548636419076,Directed,reply,1
113925468186329409,113925529478541873,Directed,reply,1
113925529478541873,113925581390219202,Directed,reply,1
113925581390219202,113925671306277834,Directed,reply,1
113870032890929043,113870049421297136,Directed,reply,1
113840094250970158,113840257200278192,Directed,reply,1
113840094250970158,113840588910141392,Directed,reply,1
113840094250970158,113841428271598288,Directed,reply,1
113840588910141392,113840592083300468,Directed,reply,1
113840592083300468,113840998707537766,Directed,reply,1
113840998707537766,113841285356869780,Directed,reply,1
113841285356869780,113841398777248351,Directed,reply,1
113841428271598288,113841471739592405,Directed,reply,1
117299334945965244,117299646573640308,Directed,reply,1
116747710816013670,116747716999856595,Directed,reply,1
116747716999856595,116747723067099838,Directed,reply,1
116747723067099838,116747728424303446,Directed,reply,1
116747728424303446,116747734414427542,Directed,reply,1
116747734414427542,116747748450580459,Directed,reply,1
116747748450580459,116747753812752176,Directed,reply,1
116747753812752176,116747761994004460,Directed,reply,1
116747767870762155,116747774561204770,Directed,reply,1
116747774561204770,116747780424829990,Directed,reply,1
116747780424829990,116747788123421878,Directed,reply,1
116747788123421878,116747794601339843,Directed,reply,1
116747788123421878,116747869704255127,Directed,reply,1
116747869704255127,116747872722256885,Directed,reply,1
116747872722256885,116747881077230365,Directed,reply,1
116095775757558291,116095783475630547,Directed,reply,1
116095783475630547,116095802091652312,Directed,reply,1
116095783475630547,116095802275005538,Directed,reply,1
116095802091652312,116095826306295199,Directed,reply,1
116095826306295199,116095846526818645,Directed,reply,1
116095846526818645,116095856448352964,Directed,reply,1
116095856448352964,116098583543158028,Directed,reply,1
116098583543158028,116098655608993195,Directed,reply,1
116095802275005538,116095809714416515,Directed,reply,1
116095809714416515,116095819150663061,Directed,reply,1
116095819150663061,116095820134814881,Directed,reply,1
116095819150663061,116095823956683948,Directed,reply,1
116095823956683948,116095832651821978,Directed,reply,1
116095832651821978,116095839821078305,Directed,reply,1
115862104869132956,115862105355011511,Directed,reply,1
115862105355011511,115862105642630533,Directed,reply,1
115862105642630533,115862105824472189,Directed,reply,1
115860831492893831,115861044147312095,Directed,reply,1
115861044147312095,115861062070507605,Directed,reply,1
115861062070507605,115861066917650358,Directed,reply,1
115861066917650358,115861073411807727,Directed,reply,1
113811039266264937,113811049690274867,Directed,reply,1
115746706675896845,115746733873882935,Directed,reply,1
115381243002138383,115381266449181398,Directed,reply,1
115381266449181398,115381307033910591,Directed,reply,1
115381307033910591,115381429113806007,Directed,reply,1
115380935424701957,115380990437221249,Directed,reply,1
115380990437221249,115381164520627938,Directed,reply,1
115368683688169347,115368706009943775,Directed,reply,1
115368706009943775,115368737971181339,Directed,reply,1
115368706009943775,115369168978216318,Directed,reply,1
115369168978216318,115369175615455880,Directed,reply,1
115369175615455880,115369212329293495,Directed,reply,1
115369212329293495,115369501966540606,Directed,reply,1
113797471362541200,113797524614589209,Directed,reply,1
113797524614589209,113797595408872779,Directed,reply,1
113797595408872779,113797616074644089,Directed,reply,1
113797616074644089,113797649034653456,Directed,reply,1
113797649034653456,113797667966261616,Directed,reply,1
113797667966261616,113797686496062594,Directed,reply,1
113797686496062594,113797714474015805,Directed,reply,1
113797714474015805,113799766530934501,Directed,reply,1
113799766530934501,113801562029988826,Directed,reply,1
113801562029988826,115363616850555345,Directed,reply,1
115340114404520168,115340243491472133,Directed,reply,1
115340243491472133,115340294838395546,Directed,reply,1
114860081217546064,114860083941408534,Directed,reply,1
114860083941408534,114860087944162916,Directed,reply,1
114860087944162916,114860090572210722,Directed,reply,1
114860094717011886,114860106502442327,Directed,reply,1
114860106502442327,114860110275168900,Directed,reply,1
114860110275168900,114860114520980920,Directed,reply,1
114860114520980920,114860117599224833,Directed,reply,1
114860117599224833,114860120583833797,Directed,reply,1
114860120583833797,114860128058163443,Directed,reply,1
114860128058163443,114860130343672644,Directed,reply,1
114860130343672644,114860136342305497,Directed,reply,1
114860136342305497,114860138693212684,Directed,reply,1
114860138693212684,114860142339794476,Directed,reply,1
114860142339794476,114860145563508434,Directed,reply,1
114818672552157280,114818678569246309,Directed,reply,1
114818678569246309,114818688149341972,Directed,reply,1
114818688149341972,114818706816570113,Directed,reply,1
114818706816570113,114818719223252581,Directed,reply,1
114818719223252581,114818789833169892,Directed,reply,1
114818789833169892,114818797554112094,Directed,reply,1
114818797554112094,114818876356826361,Directed,reply,1
114818876356826361,114818920181104867,Directed,reply,1
114818920181104867,114819514159149650,Directed,reply,1
114819527507449354,114819535806558015,Directed,reply,1
114345782381526607,114345838689821231,Directed,reply,1
114345838689821231,114345858444897951,Directed,reply,1
114345838689821231,114356801031506886,Directed,reply,1
114356801031506886,114356804709913268,Directed,reply,1
114356801031506886,114356805761829800,Directed,reply,1
114240573039269913,114240593408976390,Directed,reply,1
114240620817226747,114240635278552224,Directed,reply,1
114240635278552224,114240644516501747,Directed,reply,1
114147601062463536,114147609842090759,Directed,reply,1
114147619473579509,114147653310986399,Directed,reply,1
114085052794786571,114085484308732129,Directed,reply,1
114000614965775998,114001387616347533,Directed,reply,1
114001387616347533,114002912769236330,Directed,reply,1
114002912769236330,114002966881946709,Directed,reply,1
113994303455617826,113994313580955350,Directed,reply,1
113991769342759745,113991785108790926,Directed,reply,1
113991794519150244,113991803561863514,Directed,reply,1
113991678384613204,113992293301710548,Directed,reply,1
113992293301710548,113992328163224810,Directed,reply,1
113992328163224810,113992458057999983,Directed,reply,1
