id,acct,bot,degree,discovery_methods,display_name,event_post_count,followers_count,following_count,label,mention_received_count,reply_post_count,seed,statuses_count,url,weighted_degree
109321601315889133,ai6yr@m.ai6yr.org,0,91,event_post_author|reply_author|reply_target|mentioned_in_event_post|seed,AI6YR Ben,236,9587,3723,ai6yr@m.ai6yr.org,166,95,1,250440,https://m.ai6yr.org/@ai6yr,405
109525810222134461,ikluft@avgeek.social,0,18,event_post_author|reply_author|reply_target|mentioned_in_event_post|seed,Ian Kluft ✅✈️🎈🌋,74,507,63,ikluft@avgeek.social,22,72,1,10148,https://avgeek.social/@ikluft,91
114810496607568673,CA_Politics_Huddle,0,0,event_post_author|reply_author|mentioned_in_event_post|reply_target|seed,California Politics Huddle,54,38,18,CA_Politics_Huddle,40,40,1,964,https://mastodon.social/@CA_Politics_Huddle,0
109314719785101432,kellyromanych,0,4,event_post_author|reply_author|reply_target|mentioned_in_event_post|seed,KellyAnn Romanych (she/her),60,1043,1060,kellyromanych,4,13,1,16251,https://mastodon.social/@kellyromanych,20
110900137009049026,deadline,1,0,event_post_author|seed,Deadline,20,1016,3,deadline,0,0,1,67423,https://mastodon.social/@deadline,0
110900324964412148,hollywoodreporter,1,0,event_post_author|seed,The Hollywood Reporter,20,1199,3,hollywoodreporter,0,0,1,49662,https://mastodon.social/@hollywoodreporter,0
108194856164807197,MsMerope@sfba.social,0,4,event_post_author|reply_author|mentioned_in_event_post|reply_target,MsMerope,23,317,219,MsMerope@sfba.social,11,23,0,37300,https://sfba.social/@MsMerope,64
109362756966520946,BakerRL75@m.ai6yr.org,0,9,event_post_author|reply_author|reply_target|mentioned_in_event_post,BakersRelay,35,529,284,BakerRL75@m.ai6yr.org,7,12,0,121330,https://m.ai6yr.org/@BakerRL75,26
109277637336177593,jeridansky@sfba.social,0,5,event_post_author|reply_author|mentioned_in_event_post|reply_target,Jeri Dansky,9,2103,605,jeridansky@sfba.social,16,7,0,43689,https://sfba.social/@jeridansky,38
109364548884359930,MiBaWi@m.ai6yr.org,0,4,event_post_author|reply_author|reply_target|mentioned_in_event_post,Michael Barthel / MiBaWi,18,620,169,MiBaWi@m.ai6yr.org,4,4,0,7809,https://m.ai6yr.org/@MiBaWi,8
109679802491186088,JohnJBurnsIII@kzoo.to,0,3,event_post_author|reply_author|mentioned_in_event_post|reply_target,John Burns,5,187,206,JohnJBurnsIII@kzoo.to,9,5,0,14927,https://kzoo.to/@JohnJBurnsIII,30
109544056586069897,Leighton@avgeek.social,0,4,mentioned_in_event_post|event_post_author|reply_author,Leighton,1,36,104,Leighton@avgeek.social,14,1,0,143,https://avgeek.social/@Leighton,16
109366550461584397,exador23@m.ai6yr.org,0,5,event_post_author|reply_author|mentioned_in_event_post|reply_target,Hippy Steve,7,1090,251,exador23@m.ai6yr.org,6,5,0,13855,https://m.ai6yr.org/@exador23,22
111270616296004000,camless@m.ai6yr.org,0,4,event_post_author|reply_author|mentioned_in_event_post|reply_target,Cadmus,5,582,473,camless@m.ai6yr.org,6,5,0,5769,https://m.ai6yr.org/@camless,22
109565536948024629,kevinrns@mstdn.social,0,2,event_post_author|reply_author|mentioned_in_event_post|reply_target,Kevin Russell,6,3010,4906,kevinrns@mstdn.social,4,6,0,124081,https://mstdn.social/@kevinrns,20
109088011068906528,frank@f.reun.de,0,3,event_post_author|reply_author|mentioned_in_event_post|reply_target,Frank 🛰️🛩️🪂⛵🛵🎿🔭,4,179,737,frank@f.reun.de,4,4,0,67,https://f.reun.de/@frank,20
112170269206349103,meganL@mas.to,0,2,event_post_author|reply_author|mentioned_in_event_post|reply_target,Megan Lynch (she/her),5,288,915,meganL@mas.to,3,5,0,28778,https://mas.to/@meganL,16
108209993019225688,rustoleumlove@mastodon.online,0,3,event_post_author|reply_author|mentioned_in_event_post|reply_target,Anne Ominous,4,994,487,rustoleumlove@mastodon.online,4,4,0,18007,https://mastodon.online/@rustoleumlove,15
109308055880859866,bgrinter@mastodon.sdf.org,0,2,event_post_author|reply_author|mentioned_in_event_post|reply_target,Brian Grinter,4,421,336,bgrinter@mastodon.sdf.org,3,4,0,16960,https://mastodon.sdf.org/@bgrinter,15
109462894504903209,EugestShirley@m.ai6yr.org,0,3,event_post_author|reply_author|mentioned_in_event_post|reply_target,Shirley Eugest,4,297,726,EugestShirley@m.ai6yr.org,2,4,0,7059,https://m.ai6yr.org/@EugestShirley,12
110240458469934942,TanyaGKasim,0,4,event_post_author|reply_author|mentioned_in_event_post|reply_target,Tanya Kasim VOTED,3,30,37,TanyaGKasim,3,3,0,1585,https://mastodon.social/@TanyaGKasim,14
110433002329275149,mappingsupport@m.ai6yr.org,0,2,event_post_author|mentioned_in_event_post|reply_target|reply_author,Joseph Elfelt,8,1431,532,mappingsupport@m.ai6yr.org,3,1,0,5404,https://m.ai6yr.org/@mappingsupport,8
109303849360164627,BenAveling@mastodon.ie,0,2,event_post_author|reply_author|mentioned_in_event_post|reply_target,Ben Aveling,3,119,159,BenAveling@mastodon.ie,3,3,0,3315,https://mastodon.ie/@BenAveling,13
113427093838958172,cvwarren@m.ai6yr.org,0,3,event_post_author|reply_author|mentioned_in_event_post|reply_target,Colin Warren,4,117,292,cvwarren@m.ai6yr.org,1,4,0,6607,https://m.ai6yr.org/@cvwarren,10
113867080811525587,MakerAndBakerDesigns@pixelfed.social,0,2,event_post_author|reply_author|mentioned_in_event_post|reply_target,Steve and Kristen,1,22,15,MakerAndBakerDesigns@pixelfed.social,5,1,0,13,https://pixelfed.social/MakerAndBakerDesigns,8
109521639763343689,Nshrubs@mstdn.social,0,3,event_post_author|reply_author|mentioned_in_event_post|reply_target,nshrubs,2,337,307,Nshrubs@mstdn.social,3,2,0,19512,https://mstdn.social/@Nshrubs,11
109258025387991967,sadele2,0,1,event_post_author|reply_author|mentioned_in_event_post|reply_target,sadele2,7,194,709,sadele2,1,2,0,20941,https://mastodon.social/@sadele2,7
113976417919345667,alienghic@timeloop.cafe,0,2,event_post_author|reply_author|mentioned_in_event_post|reply_target,Diane,3,1431,1184,alienghic@timeloop.cafe,2,2,0,8432,https://timeloop.cafe/@alienghic,8
115143444131318194,ElyseMGrasso@wandering.shop,0,3,event_post_author|reply_author|mentioned_in_event_post|reply_target,Elyse M Grasso,2,1684,1077,ElyseMGrasso@wandering.shop,2,2,0,85731,https://wandering.shop/@ElyseMGrasso,10
109316662041388619,conejoclint@m.ai6yr.org,0,2,event_post_author|reply_author|mentioned_in_event_post|reply_target,[name] (he/him),2,172,143,conejoclint@m.ai6yr.org,2,2,0,2398,https://m.ai6yr.org/@conejoclint,7
109344637925297796,easwatch@m.ai6yr.org,0,2,mentioned_in_event_post,,0,-1,-1,easwatch@m.ai6yr.org,5,0,0,-1,https://m.ai6yr.org/@easwatch,5
110609610495588620,Finitum,0,3,event_post_author|reply_author|mentioned_in_event_post|reply_target,,1,307,628,Finitum,3,1,0,26663,https://mastodon.social/@Finitum,7
109185347246293613,fuzzface@epsilon-ix.masto.host,0,2,event_post_author|reply_author|mentioned_in_event_post|reply_target,fuzzface,2,945,1232,fuzzface@epsilon-ix.masto.host,2,2,0,27380,https://epsilon-ix.masto.host/@fuzzface,9
113918199347004515,jlamoree@infosec.exchange,0,2,event_post_author|reply_author|mentioned_in_event_post|reply_target,Joseph Lamoree,2,101,245,jlamoree@infosec.exchange,2,2,0,910,https://infosec.exchange/@jlamoree,8
109479086979583600,Laukidh@infosec.exchange,0,1,event_post_author|reply_author|mentioned_in_event_post|reply_target,Laukidh,3,591,1029,Laukidh@infosec.exchange,1,3,0,46169,https://infosec.exchange/@Laukidh,7
109371847891875579,OLjohnel@m.ai6yr.org,0,2,event_post_author|reply_author|mentioned_in_event_post|reply_target,Oly John,2,30,30,OLjohnel@m.ai6yr.org,2,2,0,296,https://m.ai6yr.org/@OLjohnel,10
108201864721973880,stacey_campbell@aus.social,0,1,event_post_author|reply_author|mentioned_in_event_post|reply_target,Stacey Campbell,3,549,399,stacey_campbell@aus.social,2,2,0,5778,https://aus.social/@stacey_campbell,8
109521459175223917,aguamielerogpz@newsie.social,0,3,event_post_author|mentioned_in_event_post|reply_target|reply_author,Eider,2,125,208,aguamielerogpz@newsie.social,2,1,0,4105,https://newsie.social/@aguamielerogpz,8
110640739957340079,deewani,0,2,event_post_author|mentioned_in_event_post|reply_author,deewani,3,226,1128,deewani,1,2,0,12026,https://mastodon.social/@deewani,4
110052571791683859,Roentare,0,1,event_post_author|reply_author|mentioned_in_event_post|reply_target,Photo Nutter from Melbourne,2,1233,122,Roentare,2,2,0,2224,https://mastodon.social/@Roentare,8
1138175,Catawu,0,1,event_post_author|reply_author,Cat West,3,1253,888,Catawu,0,3,0,98483,https://mastodon.social/@Catawu,6
109702660873984151,chris@mstdn.chrisalemany.ca,0,2,event_post_author|reply_author|mentioned_in_event_post|reply_target,Chris Alemany🇺🇦🇨🇦🇪🇸,2,4453,3360,chris@mstdn.chrisalemany.ca,1,2,0,56147,https://mstdn.chrisalemany.ca/@chris,7
107860226365441485,griff@libranet.de,0,1,event_post_author|reply_author|mentioned_in_event_post|reply_target,Griff Ferrell,2,168,639,griff@libranet.de,1,2,0,3438,https://libranet.de/profile/griff,6
111089957634114690,j@mahalo.social,0,2,event_post_author|reply_author|mentioned_in_event_post|reply_target,J,1,30,245,j@mahalo.social,2,1,0,2372,https://mahalo.social/@j,7
109276229792401080,mizblueprint@mastodon.online,0,2,event_post_author|reply_author|mentioned_in_event_post|reply_target,mizblueprint,1,1371,1457,mizblueprint@mastodon.online,2,1,0,2505,https://mastodon.online/@mizblueprint,6
109300010061732719,onyxraven@hachyderm.io,0,1,event_post_author|reply_author|reply_target|mentioned_in_event_post,Justin 😸,2,142,394,onyxraven@hachyderm.io,1,2,0,2444,https://hachyderm.io/@onyxraven,5
109612954590547350,quokka1@mastodon.au,0,1,event_post_author|reply_author|mentioned_in_event_post|reply_target,Quokka (on the move...),2,116,1008,quokka1@mastodon.au,1,2,0,6428,https://mastodon.au/@quokka1,6
110725554214022622,vogelsanglover@m.ai6yr.org,0,1,event_post_author|reply_author|mentioned_in_event_post|reply_target,Plucky Flower,2,1,18,vogelsanglover@m.ai6yr.org,1,2,0,8,https://m.ai6yr.org/@vogelsanglover,6
109361982880379903,volvodadfast,0,2,event_post_author|reply_author|mentioned_in_event_post|reply_target,Volvodadfast,1,4,17,volvodadfast,2,1,0,287,https://mastodon.social/@volvodadfast,6
109299002467373902,tiamat271@mastodon.online,0,2,event_post_author|reply_author,Jenny,2,928,1381,tiamat271@mastodon.online,0,2,0,41428,https://mastodon.online/@tiamat271,5
109372040981377231,ufwupdates@union.place,0,2,mentioned_in_event_post,,0,-1,-1,ufwupdates@union.place,3,0,0,-1,https://union.place/@ufwupdates,3
109362556345297756,Barbramon1@mas.to,0,2,event_post_author|reply_author,Barbara Monaco,3,1872,2184,Barbramon1@mas.to,0,1,0,61543,https://mas.to/@Barbramon1,3
109780588081944821,bosquebill@techhub.social,0,1,event_post_author|reply_author,Bosque Bill,2,1111,392,bosquebill@techhub.social,0,2,0,6148,https://techhub.social/@bosquebill,4
110659067277544231,bowlcut@mastodon.online,0,2,event_post_author|reply_author|mentioned_in_event_post|reply_target,KevinH,1,36,1061,bowlcut@mastodon.online,1,1,0,81,https://mastodon.online/@bowlcut,4
111685037704760083,iris@neuromatch.social,0,2,event_post_author|reply_author|mentioned_in_event_post|reply_target,Iris Young (he/they/she) (PhD),1,1664,1824,iris@neuromatch.social,1,1,0,8855,https://neuromatch.social/@iris,5
109294986589122732,JetCityStar@mstdn.social,0,2,mentioned_in_event_post|event_post_author|reply_author,Isaac Alexander,1,174,185,JetCityStar@mstdn.social,1,1,0,257,https://mstdn.social/@JetCityStar,4
109320716444916965,lauerhahn@sfba.social,0,2,event_post_author|reply_author|mentioned_in_event_post|reply_target,Louise Auerhahn :propride:,1,656,1218,lauerhahn@sfba.social,1,1,0,6785,https://sfba.social/@lauerhahn,5
109464403869787096,samhainnight@mstdn.social,0,3,event_post_author|reply_author,Samhain Night,2,1600,1024,samhainnight@mstdn.social,0,1,0,138941,https://mstdn.social/@samhainnight,3
109383357571366508,tezoatlipoca@mas.to,0,2,event_post_author|reply_author|mentioned_in_event_post|reply_target,Third spruce tree on the left,1,1340,2365,tezoatlipoca@mas.to,1,1,0,18290,https://mas.to/@tezoatlipoca,5
109467456996781783,VATVSLPR@c.im,0,1,event_post_author|reply_author|reply_target,Roger Moore,2,219,134,VATVSLPR@c.im,0,2,0,3261,https://c.im/@VATVSLPR,3
109552629781476696,violetmadder@kolektiva.social,0,1,event_post_author|reply_author,Violet Madder,2,1599,1396,violetmadder@kolektiva.social,0,2,0,16934,https://kolektiva.social/@violetmadder,4
109276676622445893,W6KME@mastodon.radio,0,1,event_post_author|reply_author|mentioned_in_event_post|reply_target,W6KME,2,807,340,W6KME@mastodon.radio,1,1,0,11194,https://mastodon.radio/@W6KME,4
109376883042037376,bedirthan@dice.camp,0,1,event_post_author|reply_author|mentioned_in_event_post|reply_target,Dave Clark,1,611,483,bedirthan@dice.camp,1,1,0,12901,https://dice.camp/@bedirthan,4
107589662702292545,beka_valentine@kolektiva.social,0,1,event_post_author|reply_author|mentioned_in_event_post|reply_target,beka valentine,1,1966,962,beka_valentine@kolektiva.social,1,1,0,18380,https://kolektiva.social/@beka_valentine,4
109305315631888531,cvvhrn@sfba.social,0,1,event_post_author|reply_author|mentioned_in_event_post|reply_target,FreddyB Aviation Photography,1,2284,2197,cvvhrn@sfba.social,1,1,0,17165,https://sfba.social/@cvvhrn,4
113612925814324486,darwinwoodka.bsky.social@bsky.brid.gy,0,1,event_post_author|reply_author|mentioned_in_event_post|reply_target,Darwin Woodka,1,16,21,darwinwoodka.bsky.social@bsky.brid.gy,1,1,0,8,https://bsky.brid.gy/r/https://bsky.app/profile/darwinwoodka.bsky.social,3
110662702605265128,driusan@doomscroller.social,0,1,event_post_author|reply_author|mentioned_in_event_post|reply_target,D,1,381,639,driusan@doomscroller.social,1,1,0,13512,https://doomscroller.social/@driusan,4
111210117932795043,fluids_guru@kolektiva.social,0,1,event_post_author|reply_author|mentioned_in_event_post|reply_target,fluids_guru,1,133,272,fluids_guru@kolektiva.social,1,1,0,1776,https://kolektiva.social/@fluids_guru,4
113851762197556170,Mark_Harbinger,0,1,event_post_author|reply_author|mentioned_in_event_post|reply_target,Mark Harbinger,1,156,128,Mark_Harbinger,1,1,0,1917,https://mastodon.social/@Mark_Harbinger,4
113868184045370311,ottominati@mstdn.ca,0,1,event_post_author|reply_author|mentioned_in_event_post|reply_target,Otto W,1,73,70,ottominati@mstdn.ca,1,1,0,1018,https://mstdn.ca/@ottominati,4
109268980483243765,simonbp@social.linux.pizza,0,1,event_post_author|reply_author|mentioned_in_event_post|reply_target,simonbp,1,566,394,simonbp@social.linux.pizza,1,1,0,7303,https://social.linux.pizza/@simonbp,4
111256716075028098,CassandraVert@indieweb.social,0,2,event_post_author|reply_author,CassandraVert,1,866,1089,CassandraVert@indieweb.social,0,1,0,10523,https://indieweb.social/@CassandraVert,3
109304935971837337,coolandnormal@aus.social,0,2,event_post_author|reply_author,Birdhouse in Your [Redacted],1,394,268,coolandnormal@aus.social,0,1,0,26049,https://aus.social/@coolandnormal,3
109362316721172503,LPerry2,0,2,event_post_author|reply_author,Cookiefiend,1,283,324,LPerry2,0,1,0,3184,https://mastodon.social/@LPerry2,3
113049439227521302,mwguy@infosec.exchange,0,2,event_post_author|reply_author,mwguy,1,22,91,mwguy@infosec.exchange,0,1,0,831,https://infosec.exchange/@mwguy,3
109390409229717187,NewtonMark@eigenmagic.net,0,1,mentioned_in_event_post,,0,-1,-1,NewtonMark@eigenmagic.net,2,0,0,-1,https://eigenmagic.net/@NewtonMark,2
110640570007258764,oldjoestalin,0,2,event_post_author|reply_author,Old Joe Stalin,1,32,146,oldjoestalin,0,1,0,286,https://mastodon.social/@oldjoestalin,3
109537254594856796,rpmik@avgeek.social,0,2,event_post_author|reply_author,Ryan M,1,603,1195,rpmik@avgeek.social,0,1,0,1223,https://avgeek.social/@rpmik,3
110897461087270374,TrickTim@mstdn.social,0,1,event_post_author|reply_author,TrickTim,2,142,418,TrickTim@mstdn.social,0,1,0,6334,https://mstdn.social/@TrickTim,2
58528,woozle@toot.cat,0,2,event_post_author|reply_author,Woozle Hypertwin,1,1953,688,woozle@toot.cat,0,1,0,42822,https://toot.cat/@woozle,3
792811,c_merriweather@social.linux.pizza,0,1,event_post_author|reply_author,Kinene⭐🐻,1,369,248,c_merriweather@social.linux.pizza,0,1,0,24620,https://social.linux.pizza/@c_merriweather,2
108193759693986953,cainmark@mstdn.social,0,1,event_post_author|reply_author,Cainmark Does Not Comply 🚲,1,1934,1181,cainmark@mstdn.social,0,1,0,158857,https://mstdn.social/@cainmark,2
113063102955050997,chunshek@prettyaweso.me,0,1,event_post_author|reply_author,Chunshek :HomestarRunning:,1,333,288,chunshek@prettyaweso.me,0,1,0,5537,https://prettyaweso.me/@chunshek,2
113371204894683573,cobalt123@beige.party,0,1,event_post_author|reply_author,cobalt,1,1284,3758,cobalt123@beige.party,0,1,0,8925,https://beige.party/@cobalt123,2
109327860275149734,ColesStreetPothole@weatherishappening.network,0,1,event_post_author|reply_author,Coles Street Pothole,1,1312,1211,ColesStreetPothole@weatherishappening.network,0,1,0,50830,https://weatherishappening.network/@ColesStreetPothole,2
109399233825895825,dave_andersen@hachyderm.io,0,1,event_post_author|reply_author,David Andersen,1,1265,566,dave_andersen@hachyderm.io,0,1,0,4078,https://hachyderm.io/@dave_andersen,2
109797278252818197,ErrolNZ@mastodon.nz,0,1,event_post_author|reply_author,Errol Cavit,1,363,436,ErrolNZ@mastodon.nz,0,1,0,10375,https://mastodon.nz/@ErrolNZ,2
109340625414220464,frogglin@theblower.au,0,1,event_post_author|reply_author,Lyn,1,602,155,frogglin@theblower.au,0,1,0,22025,https://theblower.au/@frogglin,2
109367865443855216,gooser3000,0,1,event_post_author|reply_author,Knut Branson,1,559,699,gooser3000,0,1,0,20482,https://mastodon.social/@gooser3000,2
111109330643883082,GuyDudeman@beige.party,0,1,event_post_author|reply_author,G.I. Robot :bc:,1,710,1352,GuyDudeman@beige.party,0,1,0,6347,https://beige.party/@GuyDudeman,2
109317493120671996,hisstogramma@m.ai6yr.org,0,1,event_post_author|reply_author,Hisstogramma,1,306,522,hisstogramma@m.ai6yr.org,0,1,0,1373,https://m.ai6yr.org/@hisstogramma,2
109560317417390766,inoru_no_hoshi@blorbo.social,0,1,event_post_author|reply_author,Inoru,1,105,45,inoru_no_hoshi@blorbo.social,0,1,0,6020,https://blorbo.social/@inoru_no_hoshi,2
109419274002643262,Irishmasms@defcon.social,0,1,event_post_author|reply_author,IrishMASMS,1,124,292,Irishmasms@defcon.social,0,1,0,8739,https://defcon.social/@Irishmasms,2
109910403173574791,JoeBeam,0,1,event_post_author|reply_author,Joe Beam,1,180,337,JoeBeam,0,1,0,6065,https://mastodon.social/@JoeBeam,2
109373761760024781,K8tyCA@m.ai6yr.org,0,1,event_post_author|reply_author,K8tyCA,1,67,123,K8tyCA@m.ai6yr.org,0,1,0,2112,https://m.ai6yr.org/@K8tyCA,2
109752047061675651,Kathmandu@stranger.social,0,1,event_post_author|reply_author,Kathmandu,1,213,193,Kathmandu@stranger.social,0,1,0,8585,https://stranger.social/@Kathmandu,2
114349784347156138,kusuriya@masto.hackers.town,0,1,event_post_author|reply_author,Chapo (kk7hut),1,349,251,kusuriya@masto.hackers.town,0,1,0,1177,https://masto.hackers.town/@kusuriya,2
108194890308088987,Lazarou,0,1,event_post_author|reply_author,Lazarou Monkey Terror 🚀💙🌈,1,4683,5735,Lazarou,0,1,0,498616,https://mastodon.social/@Lazarou,2
109525270675236513,Lyle@cville.online,0,1,event_post_author|reply_author,Lyle Solla-Yates,1,1478,3044,Lyle@cville.online,0,1,0,16821,https://cville.online/@Lyle,2
109521618249568229,MLE_online@social.afront.org,0,1,event_post_author|reply_author,Emily Velasco,1,5384,468,MLE_online@social.afront.org,0,1,0,41024,https://social.afront.org/@MLE_online,2
109276007211588752,msbellows@c.im,0,1,event_post_author|reply_author,"M.S. Bellows, Jr.",1,2453,1671,msbellows@c.im,0,1,0,84414,https://c.im/@msbellows,2
108138122207700955,orci,0,1,event_post_author|reply_author,J.R. Orci,1,2539,589,orci,0,1,0,4872,https://mastodon.social/@orci,2
412496,pesh,0,1,event_post_author|reply_author,Peter Saathoff-Harshfield,1,203,235,pesh,0,1,0,1420,https://mastodon.social/@pesh,2
112112233954551289,pixelpusher220@dmv.community,0,1,event_post_author|reply_author,Pusher of Pixels,1,839,834,pixelpusher220@dmv.community,0,1,0,14653,https://dmv.community/@pixelpusher220,2
113809573080680866,poisonpunk@kolektiva.social,0,1,event_post_author|reply_author,poison punk,1,407,319,poisonpunk@kolektiva.social,0,1,0,7193,https://kolektiva.social/@poisonpunk,2
109948963947983998,riogreyhound,0,1,event_post_author|reply_author,Trudy,1,19,36,riogreyhound,0,1,0,323,https://mastodon.social/@riogreyhound,2
109319765150489643,scerruti@csed.social,0,1,event_post_author|reply_author,Stephen Cerruti,1,207,238,scerruti@csed.social,0,1,0,1438,https://csed.social/@scerruti,2
113477804345261526,skiswm.bsky.social@bsky.brid.gy,0,1,event_post_author|reply_author,Just Me,1,10,4,skiswm.bsky.social@bsky.brid.gy,0,1,0,3,https://bsky.brid.gy/r/https://bsky.app/profile/skiswm.bsky.social,1
109205963723515372,skua,0,1,event_post_author|reply_author,skua,1,618,961,skua,0,1,0,35365,https://mastodon.social/@skua,2
109391045419718303,SpaceLifeForm@infosec.exchange,0,1,event_post_author|reply_author,SpaceLifeForm,1,1027,2778,SpaceLifeForm@infosec.exchange,0,1,0,45167,https://infosec.exchange/@SpaceLifeForm,2
111187643456808385,steter@mastodon.stevesworld.co,0,1,event_post_author|reply_author,Steve's Place,1,1583,2228,steter@mastodon.stevesworld.co,0,1,0,164674,https://mastodon.stevesworld.co/@steter,2
113307464583381557,TENET_CDN,0,1,event_post_author|reply_author,Jeffandthekid,1,187,321,TENET_CDN,0,1,0,9304,https://mastodon.social/@TENET_CDN,2
109323020032812696,tito_swineflu@sfba.social,0,1,event_post_author|reply_author,Tito Swineflu,1,253,156,tito_swineflu@sfba.social,0,1,0,6736,https://sfba.social/@tito_swineflu,2
111012175813159771,Tom@moule.world,0,1,event_post_author|reply_author,Tom :TomSkate:,1,37,25,Tom@moule.world,0,1,0,110,https://mastodon.moule.world/@Tom,2
117169473084457668,Zelda@m.ai6yr.org,0,1,event_post_author|reply_author,Zelda,1,31,186,Zelda@m.ai6yr.org,0,1,0,630,https://m.ai6yr.org/@Zelda,2
1272131,zl2tod@mastodon.online,0,1,event_post_author|reply_author,zl2tod,1,399,806,zl2tod@mastodon.online,0,1,0,21202,https://mastodon.online/@zl2tod,2
110266162634306901,arstechnica,0,1,mentioned_in_event_post,,0,-1,-1,arstechnica,1,0,0,-1,https://mastodon.social/@arstechnica,1
109396635895543644,astroptere@masto.ai,0,1,mentioned_in_event_post,,0,-1,-1,astroptere@masto.ai,1,0,0,-1,https://masto.ai/@astroptere,1
110253827558017276,calfire_bot@m.ai6yr.org,0,1,mentioned_in_event_post,,0,-1,-1,calfire_bot@m.ai6yr.org,1,0,0,-1,https://m.ai6yr.org/@calfire_bot,1
113200132295857967,cbcnews@flipboard.com,0,1,mentioned_in_event_post,,0,-1,-1,cbcnews@flipboard.com,1,0,0,-1,https://flipboard.com/@cbcnews,1
109366841555947654,DEDGirl@mastodon.world,0,1,mentioned_in_event_post,,0,-1,-1,DEDGirl@mastodon.world,1,0,0,-1,https://mastodon.world/@DEDGirl,1
111069595970574659,FinchHaven@sfba.social,0,1,mentioned_in_event_post,,0,-1,-1,FinchHaven@sfba.social,1,0,0,-1,https://sfba.social/@FinchHaven,1
109366705982844485,ianjames@journa.host,0,1,mentioned_in_event_post,,0,-1,-1,ianjames@journa.host,1,0,0,-1,https://journa.host/@ianjames,1
109786748962788539,LAFD_bot@m.ai6yr.org,0,1,mentioned_in_event_post,,0,-1,-1,LAFD_bot@m.ai6yr.org,1,0,0,-1,https://m.ai6yr.org/@LAFD_bot,1
112854264853553638,LATimes@flipboard.com,0,1,mentioned_in_event_post,,0,-1,-1,LATimes@flipboard.com,1,0,0,-1,https://flipboard.com/@LATimes,1
109300908322558834,luckytran@med-mastodon.com,0,1,mentioned_in_event_post,,0,-1,-1,luckytran@med-mastodon.com,1,0,0,-1,https://med-mastodon.com/@luckytran,1
109333705137753806,sciguyspace@journa.host,0,1,mentioned_in_event_post,,0,-1,-1,sciguyspace@journa.host,1,0,0,-1,https://journa.host/@sciguyspace,1
113292360995151258,stormchaser_bot@m.ai6yr.org,0,1,mentioned_in_event_post,,0,-1,-1,stormchaser_bot@m.ai6yr.org,1,0,0,-1,https://m.ai6yr.org/@stormchaser_bot,1
110088287007315114,appassionato,0,1,event_post_author|reply_author|reply_target|mentioned_in_event_post,earthling,14,2783,167,appassionato,2,13,0,57633,https://mastodon.social/@appassionato,6
109526643276401942,MrWtr0102@mastodon.sdf.org,0,0,event_post_author,MrWtr0102,33,192,491,MrWtr0102@mastodon.sdf.org,0,0,0,3967,https://mastodon.sdf.org/@MrWtr0102,0
109569486384786760,jberry@m.ai6yr.org,0,3,event_post_author|mentioned_in_event_post|reply_target|reply_author,jberry,3,17,12,jberry@m.ai6yr.org,4,2,0,742,https://m.ai6yr.org/@jberry,12
1156890,adamasnemesis@social.adamasnemesis.com,0,0,event_post_author|reply_author|reply_target,Adamas Nemesis,8,1074,209,adamasnemesis@social.adamasnemesis.com,0,4,0,9539,https://social.adamasnemesis.com/@adamasnemesis,0
109303988606874604,Nonilex@masto.ai,0,0,event_post_author|reply_author|reply_target,Nonilex,6,10564,2666,Nonilex@masto.ai,0,5,0,42509,https://masto.ai/@Nonilex,0
109237602809603384,patrickokeefe,0,0,event_post_author|reply_author|reply_target,Patrick O'Keefe,5,784,756,patrickokeefe,0,4,0,1482,https://mastodon.social/@patrickokeefe,0
110811919976627606,danwolfstone@mstdn.social,0,1,event_post_author|reply_author|mentioned_in_event_post|reply_target,Dan Wolfstone,2,50,84,danwolfstone@mstdn.social,1,2,0,151,https://mstdn.social/@danwolfstone,6
109293849404033510,godzero@sfba.social,0,1,event_post_author|reply_author|mentioned_in_event_post|reply_target,gz,2,212,173,godzero@sfba.social,1,2,0,15047,https://sfba.social/@godzero,6
114547838217905149,mohammedEldeeb,0,2,event_post_author|reply_author|mentioned_in_event_post|reply_target,Mohammed Eldeeb,2,15,30,mohammedEldeeb,1,1,0,57,https://mastodon.social/@mohammedEldeeb,3
109302595533822130,ginaintheburg@mastodon.world,0,0,event_post_author|reply_author|reply_target,Gina Intheburg 🇺🇦 🌻 🥥🌴,3,951,1858,ginaintheburg@mastodon.world,0,2,0,20062,https://mastodon.world/@ginaintheburg,0
109363062233496348,cmgrowell@m.ai6yr.org,0,1,event_post_author|reply_author|mentioned_in_event_post|reply_target,cmgrowell,1,141,286,cmgrowell@m.ai6yr.org,1,1,0,1043,https://m.ai6yr.org/@cmgrowell,4
115888887249798032,sassylady4freedom.bsky.social@bsky.brid.gy,0,0,event_post_author,Lady4Freedom,6,9,98,sassylady4freedom.bsky.social@bsky.brid.gy,0,0,0,50,https://bsky.brid.gy/r/https://bsky.app/profile/sassylady4freedom.bsky.social,0
113529111147117132,UnionizedNetizen@union.place,0,0,event_post_author|reply_author|mentioned_in_event_post,Unionized Netizen,1,36,97,UnionizedNetizen@union.place,1,1,0,236,https://union.place/@UnionizedNetizen,0
109254519388773773,Alex_Verbeek,0,1,event_post_author|mentioned_in_event_post|reply_target,Alex Verbeek,1,5900,202,Alex_Verbeek,1,0,0,563,https://mastodon.social/@Alex_Verbeek,2
109366041770161475,citydogsandcats@c.im,0,1,event_post_author|reply_author,rena,1,3,7,citydogsandcats@c.im,0,1,0,497,https://c.im/@citydogsandcats,2
114141745690997283,ClaudiaWinkelmann71@pixelfed.social,0,1,event_post_author|reply_author,LearnAndUnlearn,1,19,35,ClaudiaWinkelmann71@pixelfed.social,0,1,0,5,https://pixelfed.social/ClaudiaWinkelmann71,2
113832948745444828,FeloniousPunk@beige.party,0,1,event_post_author|reply_author,FeloniousPunk,1,1245,1133,FeloniousPunk@beige.party,0,1,0,24129,https://beige.party/@FeloniousPunk,2
110875475891251931,JTO_is_Typing@mstdn.games,0,0,event_post_author|reply_author|reply_target,JTO is Typing,2,46,101,JTO_is_Typing@mstdn.games,0,1,0,4488,https://mstdn.games/@JTO_is_Typing,0
109373992709176037,Mikasa4231@universeodon.com,0,0,event_post_author,Mikasa4231,4,49,20,Mikasa4231@universeodon.com,0,0,0,5465,https://universeodon.com/@Mikasa4231,0
109430712040937231,MollyNYC@mstdn.social,0,1,event_post_author|reply_author,MollyNYC,1,513,815,MollyNYC@mstdn.social,0,1,0,7931,https://mstdn.social/@MollyNYC,1
109538323504476665,sciencewrighter@m.ai6yr.org,0,1,event_post_author|reply_author,Sylvia Wright,1,168,246,sciencewrighter@m.ai6yr.org,0,1,0,1755,https://m.ai6yr.org/@sciencewrighter,1
110895665584209090,variety_feed,1,0,event_post_author,Variety,4,1188,3,variety_feed,0,0,0,68129,https://mastodon.social/@variety_feed,0
113700218132604612,cecallihelper.bsky.social@bsky.brid.gy,0,1,mentioned_in_event_post,,0,-1,-1,cecallihelper.bsky.social@bsky.brid.gy,1,0,0,-1,https://bsky.brid.gy/r/https://bsky.app/profile/cecallihelper.bsky.social,1
108240981079141174,disability@a.gup.pe,0,1,mentioned_in_event_post,,0,-1,-1,disability@a.gup.pe,1,0,0,-1,https://a.gup.pe/u/disability,1
109299499797516201,eclectech@things.uk,0,1,mentioned_in_event_post,,0,-1,-1,eclectech@things.uk,1,0,0,-1,https://things.uk/@eclectech,1
112835949526346092,eventsforgamers@mastodon.gamedev.place,0,1,mentioned_in_event_post,,0,-1,-1,eventsforgamers@mastodon.gamedev.place,1,0,0,-1,https://mastodon.gamedev.place/@eventsforgamers,1
109379654728050308,ml@ecoevo.social,0,0,event_post_author,Megan Lynch (she/her),3,1614,914,ml@ecoevo.social,0,0,0,14246,https://ecoevo.social/@ml,0
114161776106042117,mochy.bsky.social@bsky.brid.gy,0,0,event_post_author|reply_author,m o c h y,1,4,1,mochy.bsky.social@bsky.brid.gy,0,1,0,30,https://bsky.brid.gy/r/https://bsky.app/profile/mochy.bsky.social,0
113772982090134085,OFMDRecaps@blorbo.social,0,0,event_post_author|reply_author,OFMD Recaps,1,34,22,OFMDRecaps@blorbo.social,0,1,0,539,https://blorbo.social/@OFMDRecaps,0
109304464942897108,petergleick@fediscience.org,0,1,mentioned_in_event_post,,0,-1,-1,petergleick@fediscience.org,1,0,0,-1,https://fediscience.org/@petergleick,1
113433484173753003,PoliticalFeed,0,0,event_post_author,Political Feed,3,18,2,PoliticalFeed,0,0,0,462,https://mastodon.social/@PoliticalFeed,0
113119208565517802,sikar24@sikar24.com,0,0,event_post_author,sikar24,3,3,0,sikar24@sikar24.com,0,0,0,57026,https://sikar24.com/author/sikar24/,0
109306868500059329,ucaccessnow@sfba.social,0,1,event_post_author,UC Access Now,2,696,266,ucaccessnow@sfba.social,0,0,0,4265,https://sfba.social/@ucaccessnow,1
110729135535721600,aerobuzz@piaille.fr,0,0,event_post_author,Aerobuzz / JumpSeat,2,63,5,aerobuzz@piaille.fr,0,0,0,5025,https://piaille.fr/@aerobuzz,0
113298755582238590,breakthrough_news_archive@tankie.tube,0,0,event_post_author,BreakThrough News Archive,2,27,1,breakthrough_news_archive@tankie.tube,0,0,0,5094,https://tankie.tube/a/breakthrough_news_archive/video-channels,0
109367280742814706,cookiesinheaven@m.ai6yr.org,0,0,event_post_author,jj the Santa Barbarian,2,742,719,cookiesinheaven@m.ai6yr.org,0,0,0,12824,https://m.ai6yr.org/@cookiesinheaven,0
109367452842773908,DoomsdaysCW@kolektiva.social,0,0,event_post_author,DoomsdaysCW,2,4052,7488,DoomsdaysCW@kolektiva.social,0,0,0,124991,https://kolektiva.social/@DoomsdaysCW,0
109410837547921359,events@mastodon.gamedev.place,0,1,event_post_author,Events for Gamers,1,75,6,events@mastodon.gamedev.place,0,0,0,429,https://mastodon.gamedev.place/@events,1
110883678926376390,glnews_mirror@mastodon.hongkongers.net,1,0,event_post_author,Global News,2,572,2,glnews_mirror@mastodon.hongkongers.net,0,0,0,54369,https://mastodon.hongkongers.net/@glnews_mirror,0
109297171925476825,IveyJanette,0,0,event_post_author,Ivey Janette McClelland,2,1784,1214,IveyJanette,0,0,0,61671,https://mastodon.social/@IveyJanette,0
109932807408762309,IviChoc@mastodon.online,0,0,event_post_author,Ivi Choc,2,475,412,IviChoc@mastodon.online,0,0,0,12499,https://mastodon.online/@IviChoc,0
109362401574115942,longreads@mastodon.world,0,0,event_post_author,Longreads,2,7371,606,longreads@mastodon.world,0,0,0,2243,https://mastodon.world/@longreads,0
113354182625370672,SocialNewsXYZ@www.socialnews.xyz,0,0,event_post_author,Social News XYZ,2,13,0,SocialNewsXYZ@www.socialnews.xyz,0,0,0,4888,https://www.socialnews.xyz/author/socialnewsxyz/,0
113505757124585364,ai6yr.bsky.social@bsky.brid.gy,0,0,event_post_author,AI6YR Ben,1,9,0,ai6yr.bsky.social@bsky.brid.gy,0,0,0,1,http://bsky.brid.gy/r/https://bsky.app/profile/ai6yr.bsky.social,0
110586099686908121,allaboutgeorge@sfba.social,0,0,event_post_author,George Kelly,1,24,10,allaboutgeorge@sfba.social,0,0,0,202,https://sfba.social/@allaboutgeorge,0
114168445468798810,Annakarolinaheinrich,0,0,event_post_author,Anna Karolina Heinrich,1,5,0,Annakarolinaheinrich,0,0,0,446,https://mastodon.social/@Annakarolinaheinrich,0
113490368041027801,arch@fedi.gremlin.work,0,0,event_post_author,Arch Gremlin,1,3,144,arch@fedi.gremlin.work,0,0,0,135,https://fedi.gremlin.work/@arch,0
106199846482333151,ashed@mastodon.ml,0,0,event_post_author,Who Let The Dogs Out 🐾,1,209,78,ashed@mastodon.ml,0,0,0,15997,https://mastodon.ml/@ashed,0
109271441687908011,ccferrie@mastodon.ie,0,0,event_post_author,Ciarán Ferrie,1,2183,1192,ccferrie@mastodon.ie,0,0,0,14566,https://mastodon.ie/@ccferrie,0
113503261354774117,cybergeo@mapstodon.space,0,0,event_post_author,Cybergeo,1,135,36,cybergeo@mapstodon.space,0,0,0,133,https://mapstodon.space/@cybergeo,0
110408117981784629,CynthesisToday@sfba.social,0,0,event_post_author,CynthesisToday,1,185,1154,CynthesisToday@sfba.social,0,0,0,2688,https://sfba.social/@CynthesisToday,0
1146980,dancingtreefrog,0,0,event_post_author,David W. Jones,1,450,596,dancingtreefrog,0,0,0,25811,https://mastodon.social/@dancingtreefrog,0
109331764773471102,dbattistella@mstdn.ca,0,0,event_post_author,DB 🌱💦,1,1565,1628,dbattistella@mstdn.ca,0,0,0,8247,https://mstdn.ca/@dbattistella,0
109902829147210684,DebErupts,0,0,event_post_author,Deborah Rose ❌👑,1,1341,574,DebErupts,0,0,0,16876,https://mastodon.social/@DebErupts,0
113792111972906104,Dj_Miami,0,0,event_post_author,DJ Miami Main,1,3,5,Dj_Miami,0,0,0,2203,https://mastodon.social/@Dj_Miami,0
109522241056920042,djcomatose@mastodon.world,0,0,event_post_author,DJ Comatose,1,239,584,djcomatose@mastodon.world,0,0,0,304,https://mastodon.world/@djcomatose,0
113643349398355830,Doomscroll@zirk.us,0,0,event_post_author,𝕯𝖔𝖔𝖒𝖘𝖈𝖗𝖔𝖑𝖑™,1,114,669,Doomscroll@zirk.us,0,0,0,3340,https://zirk.us/@Doomscroll,0
113392665667361986,drweb2@drwebdomain.blog,0,0,event_post_author,DrWeb,1,55,0,drweb2@drwebdomain.blog,0,0,0,17459,https://drwebdomain.blog/author/drweb2/,0
111193970138451644,dustcircle,0,0,event_post_author,Steve Dustcircle 🌹,1,320,141,dustcircle,0,0,0,14568,https://mastodon.social/@dustcircle,0
113868212152895346,eforestal@masto.es,0,0,event_post_author,Educación Forestal,1,41,10,eforestal@masto.es,0,0,0,8,https://masto.es/@eforestal,0
109279748980606315,Galley@mastodon.online,0,0,event_post_author,Gregg Alley,1,409,471,Galley@mastodon.online,0,0,0,8298,https://mastodon.online/@Galley,0
109464696912608777,ginichavez@mas.to,0,0,event_post_author,Virginia Chavez,1,112,21,ginichavez@mas.to,0,0,0,475,https://mas.to/@ginichavez,0
110895267191819952,glbc_mirror@mastodon.hongkongers.net,1,0,event_post_author,Global News BC,1,75,2,glbc_mirror@mastodon.hongkongers.net,0,0,0,9626,https://mastodon.hongkongers.net/@glbc_mirror,0
110899192283194202,glnational_mirror@mastodon.hongkongers.net,1,0,event_post_author,Global News National,1,257,2,glnational_mirror@mastodon.hongkongers.net,0,0,0,18505,https://mastodon.hongkongers.net/@glnational_mirror,0
110879194335060326,glokanagan_mirror@mastodon.hongkongers.net,1,0,event_post_author,Global News Okanagan,1,13,2,glokanagan_mirror@mastodon.hongkongers.net,0,0,0,7522,https://mastodon.hongkongers.net/@glokanagan_mirror,0
110887970600911777,glusnews_mirror@mastodon.hongkongers.net,1,0,event_post_author,Global News US News,1,21,2,glusnews_mirror@mastodon.hongkongers.net,0,0,0,3988,https://mastodon.hongkongers.net/@glusnews_mirror,0
113621149090180871,gporterwx.bsky.social@bsky.brid.gy,0,0,event_post_author,Greg Porter,1,37,7,gporterwx.bsky.social@bsky.brid.gy,0,0,0,3,https://bsky.brid.gy/r/https://bsky.app/profile/gporterwx.bsky.social,0
108165053108220032,gtbarry,0,0,event_post_author,gtbarry,1,279,65,gtbarry,0,0,0,4396,https://mastodon.social/@gtbarry,0
109354564202240035,gwaldby,0,0,event_post_author,GailWaldby@bsky.social❌👑,1,4685,5712,gwaldby,0,0,0,71719,https://mastodon.social/@gwaldby,0
114048194944023530,h4ckernews,1,0,event_post_author,Hacker News,1,2073,2,h4ckernews,0,0,0,33085,https://mastodon.social/@h4ckernews,0
109367635728452603,Iamgtsmith@mstdn.ca,0,0,event_post_author,Geraldo 🌎,1,242,274,Iamgtsmith@mstdn.ca,0,0,0,2256,https://mstdn.ca/@Iamgtsmith,0
109377851387696966,iuculano@masto.ai,0,0,event_post_author,joe•iuculano :mastodon:,1,1242,684,iuculano@masto.ai,0,0,0,44835,https://masto.ai/@iuculano,0
