source,target,type,mention_count,reblog_count,relationship,reply_count,weight
109321601315889133,109467456996781783,Undirected,2,0,mention|reply,1,3
109321601315889133,109258025387991967,Undirected,4,0,mention|reply,3,7
109321601315889133,109277637336177593,Undirected,11,0,mention|reply,2,13
109321601315889133,113427093838958172,Undirected,2,0,mention|reply,1,3
109321601315889133,109464403869787096,Undirected,1,0,mention,0,1
109321601315889133,110253827558017276,Undirected,1,0,mention,0,1
109321601315889133,109679802491186088,Undirected,8,0,mention|reply,5,13
109321601315889133,110240458469934942,Undirected,5,0,mention|reply,3,8
109321601315889133,111270616296004000,Undirected,8,0,mention|reply,6,14
109321601315889133,109565536948024629,Undirected,9,0,mention|reply,9,18
109321601315889133,109276229792401080,Undirected,2,0,mention|reply,2,4
109321601315889133,111256716075028098,Undirected,1,0,mention,0,1
109321601315889133,109525270675236513,Undirected,1,0,mention|reply,1,2
109321601315889133,110640739957340079,Undirected,1,0,mention|reply,1,2
109321601315889133,792811,Undirected,1,0,mention|reply,1,2
109321601315889133,109367865443855216,Undirected,1,0,mention|reply,1,2
109321601315889133,109276676622445893,Undirected,2,0,mention|reply,2,4
109321601315889133,108193759693986953,Undirected,1,0,mention|reply,1,2
109321601315889133,109521618249568229,Undirected,1,0,mention|reply,1,2
109321601315889133,109362756966520946,Undirected,6,0,mention|reply,4,10
109321601315889133,109362316721172503,Undirected,1,0,mention,0,1
109321601315889133,109560317417390766,Undirected,1,0,mention|reply,1,2
109321601315889133,110662702605265128,Undirected,2,0,mention|reply,2,4
109321601315889133,113063102955050997,Undirected,1,0,mention|reply,1,2
109321601315889133,108194856164807197,Undirected,31,0,mention|reply,24,55
109321601315889133,109537254594856796,Undirected,1,0,mention,0,1
109321601315889133,109521639763343689,Undirected,2,0,mention|reply,1,3
109321601315889133,109362556345297756,Undirected,1,0,mention,0,1
109321601315889133,115143444131318194,Undirected,2,0,mention,0,2
109321601315889133,58528,Undirected,1,0,mention|reply,1,2
109321601315889133,109462894504903209,Undirected,4,0,mention|reply,3,7
109321601315889133,110609610495588620,Undirected,2,0,mention|reply,1,3
109321601315889133,110640570007258764,Undirected,1,0,mention,0,1
109321601315889133,109366550461584397,Undirected,6,0,mention|reply,3,9
109321601315889133,1138175,Undirected,3,0,mention|reply,3,6
109321601315889133,109327860275149734,Undirected,1,0,mention|reply,1,2
109321601315889133,113612925814324486,Undirected,1,0,reply|mention,2,3
109321601315889133,109361982880379903,Undirected,2,0,mention|reply,2,4
109321601315889133,109299002467373902,Undirected,2,0,mention|reply,1,3
109321601315889133,113851762197556170,Undirected,2,0,mention|reply,2,4
109321601315889133,110897461087270374,Undirected,1,0,mention|reply,1,2
109321601315889133,110659067277544231,Undirected,1,0,mention|reply,1,2
109321601315889133,109304935971837337,Undirected,1,0,mention,0,1
109321601315889133,109364548884359930,Undirected,1,0,mention|reply,1,2
109321601315889133,112170269206349103,Undirected,4,0,mention|reply,2,6
109321601315889133,109303849360164627,Undirected,3,0,mention,0,3
109321601315889133,108201864721973880,Undirected,4,0,mention|reply,4,8
109321601315889133,109300010061732719,Undirected,3,0,mention|reply,2,5
109321601315889133,110725554214022622,Undirected,3,0,mention|reply,3,6
109321601315889133,109314719785101432,Undirected,8,0,mention|reply,6,14
109321601315889133,112112233954551289,Undirected,1,0,mention|reply,1,2
109321601315889133,107860226365441485,Undirected,3,0,mention|reply,3,6
109321601315889133,113868184045370311,Undirected,2,0,mention|reply,2,4
109321601315889133,109391045419718303,Undirected,1,0,mention|reply,1,2
109321601315889133,113918199347004515,Undirected,3,0,mention|reply,2,5
109321601315889133,111685037704760083,Undirected,1,0,mention|reply,1,2
109321601315889133,109910403173574791,Undirected,1,0,mention|reply,1,2
109321601315889133,111089957634114690,Undirected,2,0,mention|reply,2,4
109321601315889133,109185347246293613,Undirected,3,0,mention|reply,2,5
109321601315889133,113477804345261526,Undirected,0,0,reply,1,1
109321601315889133,412496,Undirected,1,0,mention|reply,1,2
109321601315889133,108209993019225688,Undirected,4,0,mention|reply,4,8
109321601315889133,113049439227521302,Undirected,1,0,mention,0,1
109321601315889133,109780588081944821,Undirected,2,0,mention|reply,2,4
109321601315889133,109316662041388619,Undirected,2,0,mention|reply,1,3
109321601315889133,109305315631888531,Undirected,2,0,mention|reply,2,4
109321601315889133,109479086979583600,Undirected,4,0,mention|reply,3,7
109321601315889133,109525810222134461,Undirected,4,0,mention|reply,4,8
109321601315889133,109948963947983998,Undirected,1,0,mention|reply,1,2
109321601315889133,109323020032812696,Undirected,1,0,mention|reply,1,2
109321601315889133,109702660873984151,Undirected,1,0,mention|reply,1,2
109321601315889133,111210117932795043,Undirected,2,0,mention|reply,2,4
109321601315889133,108194890308088987,Undirected,1,0,mention|reply,1,2
109321601315889133,117169473084457668,Undirected,1,0,mention|reply,1,2
109321601315889133,109383357571366508,Undirected,1,0,mention|reply,1,2
109321601315889133,111012175813159771,Undirected,1,0,mention|reply,1,2
109321601315889133,114349784347156138,Undirected,1,0,mention|reply,1,2
109321601315889133,109376883042037376,Undirected,2,0,mention|reply,2,4
109321601315889133,111187643456808385,Undirected,1,0,mention|reply,1,2
109321601315889133,108138122207700955,Undirected,1,0,mention|reply,1,2
109321601315889133,113976417919345667,Undirected,1,0,mention|reply,1,2
109321601315889133,109371847891875579,Undirected,3,0,mention|reply,3,6
109321601315889133,109399233825895825,Undirected,1,0,mention|reply,1,2
109321601315889133,113371204894683573,Undirected,1,0,mention|reply,1,2
109321601315889133,109552629781476696,Undirected,2,0,mention|reply,2,4
109321601315889133,1272131,Undirected,1,0,mention|reply,1,2
109321601315889133,109276007211588752,Undirected,1,0,mention|reply,1,2
109321601315889133,111109330643883082,Undirected,1,0,mention|reply,1,2
109321601315889133,107589662702292545,Undirected,2,0,mention|reply,2,4
109321601315889133,110433002329275149,Undirected,2,0,mention|reply,1,3
109321601315889133,113307464583381557,Undirected,1,0,mention|reply,1,2
109525810222134461,109544056586069897,Undirected,11,0,mention|reply,1,12
109525810222134461,109294986589122732,Undirected,2,0,mention|reply,1,3
109525810222134461,113867080811525587,Undirected,4,0,mention|reply,2,6
109525810222134461,109088011068906528,Undirected,8,0,mention|reply,8,16
109525810222134461,109340625414220464,Undirected,1,0,mention|reply,1,2
109525810222134461,109205963723515372,Undirected,1,0,mention|reply,1,2
109525810222134461,109612954590547350,Undirected,3,0,mention|reply,3,6
109525810222134461,109797278252818197,Undirected,1,0,mention|reply,1,2
109525810222134461,109419274002643262,Undirected,1,0,mention|reply,1,2
109525810222134461,109390409229717187,Undirected,2,0,mention,0,2
109525810222134461,109268980483243765,Undirected,2,0,mention|reply,2,4
109525810222134461,109308055880859866,Undirected,7,0,mention|reply,7,14
109525810222134461,110052571791683859,Undirected,4,0,mention|reply,4,8
109525810222134461,113200132295857967,Undirected,1,0,mention,0,1
109525810222134461,109462894504903209,Undirected,1,0,mention,0,1
109525810222134461,110266162634306901,Undirected,1,0,mention,0,1
109525810222134461,109333705137753806,Undirected,1,0,mention,0,1
109314719785101432,109344637925297796,Undirected,1,0,mention,0,1
109314719785101432,109786748962788539,Undirected,1,0,mention,0,1
109314719785101432,109366550461584397,Undirected,2,0,mention|reply,2,4
108194856164807197,109537254594856796,Undirected,1,0,mention|reply,1,2
108194856164807197,109383357571366508,Undirected,2,0,mention|reply,1,3
108194856164807197,109462894504903209,Undirected,2,0,mention|reply,2,4
109362756966520946,109366705982844485,Undirected,1,0,mention,0,1
109362756966520946,113292360995151258,Undirected,1,0,mention,0,1
109362756966520946,109344637925297796,Undirected,4,0,mention,0,4
109362756966520946,109396635895543644,Undirected,1,0,mention,0,1
109362756966520946,109362316721172503,Undirected,1,0,mention|reply,1,2
109362756966520946,111089957634114690,Undirected,2,0,mention|reply,1,3
109362756966520946,109319765150489643,Undirected,1,0,mention|reply,1,2
109362756966520946,110640739957340079,Undirected,1,0,mention|reply,1,2
109277637336177593,109679802491186088,Undirected,9,0,mention|reply,7,16
109277637336177593,110240458469934942,Undirected,3,0,mention|reply,1,4
109277637336177593,111270616296004000,Undirected,2,0,mention|reply,1,3
109277637336177593,115143444131318194,Undirected,1,0,mention|reply,1,2
109364548884359930,113809573080680866,Undirected,1,0,mention|reply,1,2
109364548884359930,109317493120671996,Undirected,1,0,mention|reply,1,2
109364548884359930,109373761760024781,Undirected,1,0,mention|reply,1,2
109679802491186088,110240458469934942,Undirected,1,0,mention,0,1
109544056586069897,109088011068906528,Undirected,2,0,mention,0,2
109544056586069897,109308055880859866,Undirected,1,0,mention,0,1
109544056586069897,109294986589122732,Undirected,1,0,mention,0,1
109366550461584397,110609610495588620,Undirected,1,0,mention|reply,1,2
109366550461584397,109752047061675651,Undirected,1,0,mention|reply,1,2
109366550461584397,110433002329275149,Undirected,3,0,mention|reply,2,5
111270616296004000,110240458469934942,Undirected,1,0,mention,0,1
111270616296004000,109371847891875579,Undirected,3,0,mention|reply,1,4
109565536948024629,109521459175223917,Undirected,1,0,mention|reply,1,2
109088011068906528,113867080811525587,Undirected,2,0,mention,0,2
112170269206349103,109303849360164627,Undirected,6,0,mention|reply,4,10
108209993019225688,113049439227521302,Undirected,1,0,mention|reply,1,2
108209993019225688,109702660873984151,Undirected,3,0,mention|reply,2,5
113427093838958172,111069595970574659,Undirected,1,0,mention,0,1
113427093838958172,113976417919345667,Undirected,3,0,mention|reply,3,6
109521639763343689,109362556345297756,Undirected,1,0,mention|reply,1,2
109521639763343689,115143444131318194,Undirected,3,0,mention|reply,3,6
109316662041388619,109185347246293613,Undirected,2,0,mention|reply,2,4
110609610495588620,110640570007258764,Undirected,1,0,mention|reply,1,2
113918199347004515,111685037704760083,Undirected,2,0,mention|reply,1,3
109521459175223917,109372040981377231,Undirected,2,0,mention,0,2
109521459175223917,109320716444916965,Undirected,2,0,mention|reply,2,4
109276229792401080,111256716075028098,Undirected,1,0,mention|reply,1,2
109361982880379903,109299002467373902,Undirected,1,0,mention|reply,1,2
109372040981377231,109320716444916965,Undirected,1,0,mention,0,1
110659067277544231,109304935971837337,Undirected,1,0,mention|reply,1,2
109464403869787096,109366841555947654,Undirected,1,0,mention,0,1
109464403869787096,109300908322558834,Undirected,1,0,mention,0,1
58528,112854264853553638,Undirected,1,0,mention,0,1
110088287007315114,110811919976627606,Undirected,3,0,mention|reply,3,6
109569486384786760,109363062233496348,Undirected,2,0,mention|reply,2,4
109569486384786760,113832948745444828,Undirected,1,0,mention|reply,1,2
109569486384786760,109293849404033510,Undirected,3,0,mention|reply,3,6
114547838217905149,113700218132604612,Undirected,1,0,mention,0,1
114547838217905149,114141745690997283,Undirected,1,0,mention|reply,1,2
109254519388773773,109366041770161475,Undirected,1,0,mention|reply,1,2
109430712040937231,109304464942897108,Undirected,1,0,mention,0,1
109538323504476665,109299499797516201,Undirected,1,0,mention,0,1
108240981079141174,109306868500059329,Undirected,1,0,mention,0,1
112835949526346092,109410837547921359,Undirected,1,0,mention,0,1
