rank,candidate,occurrences
1,palisadesfire,477
2,eatonfire,251
3,fire,249
4,palisades,197
5,wildfires,159
6,malibu,146
7,los,144
8,angeles,140
9,pacific,106
10,county,95
11,california,88
12,evacuation,87
13,burn,80
14,rain,80
15,time,76
16,losangeles,73
17,fires,72
18,city,71
19,debris,70
20,cawx,69
21,january,66
22,area,63
23,wildfire,60
24,lafires,56
25,news,53
26,residents,52
27,areas,51
28,per,45
29,acres,44
30,damage,43
31,altadena,43
32,structures,43
33,warning,42
34,status,42
35,details,41
36,flows,40
37,flooding,40
38,emergency,39
39,eaton,38
40,due,38
41,updates,38
42,relief,37
43,homes,37
44,zoom,37
45,times,36
46,app,36
47,containment,36
48,possible,35
49,canyon,35
50,pch,35
51,watchduty,35
52,public,34
53,one,34
54,destroyed,34
55,scar,34
56,subject,34
57,help,33
58,people,33
59,corrections,33
60,revisions,33
61,now,32
62,recovery,32
63,disaster,31
64,said,31
65,topanga,31
66,open,29
67,jan,29
68,near,27
69,new,27
70,assistance,27
71,road,27
72,santa,27
73,franklin,26
74,heavy,26
75,via,25
76,including,25
77,also,25
78,pst,25
79,pasadena,25
80,storm,25
81,mud,25
82,flood,25
83,may,24
84,lafd,24
85,hughesfire,24
86,state,23
87,home,23
88,update,23
89,map,23
90,risk,23
91,first,22
92,lost,22
93,pacificpalisades,22
94,location,22
95,effect,22
96,local,22
97,coast,22
98,department,22
99,service,22
100,warnings,22
