id,account,created_at,content,degree,in_degree,out_degree,pagerank,betweenness_centrality,outward_closeness_centrality,degree_rank,pagerank_rank,betweenness_rank,best_rank
113912729269827495,ai6yr@m.ai6yr.org,2025-01-29T17:05:02.000Z,LA County Dozer 5 in action. Someone needs to make this into a T-Shirt. #LaCoFD #Dozer5 #bulldozer #WarOnCars,7,1,6,0.0013444778049315508,2.546384712432145e-05,0.007653383934218849,1,220,108,1
113932543712985793,ikluft@avgeek.social,2025-02-02T05:04:02.000Z,"Today we visited Naracoorte Caves National Park near Naracoorte, South Australia. Cool caves literally and figuratively, since it was a lot cooler underground than the hot Australian summer days. #Australia #travel #geology",3,1,2,0.0028462214429497445,0.0011713369677187866,0.003950133643467793,30,32,1,1
114860142339794476,CA_Politics_Huddle,2025-07-16T00:44:43.656Z,@CA_Politics_Huddle CPH 7/15/25 Daily Bulletin 🧵 15/16 #VeniceBeach Selected as Site of First U.S. Olympic Medal Event for LA28 Games https://www.westsidecurrent.com/news/venice-beach-selected-as-site-of-first-u-s-olympic-medal-event-for-la28-games/article_acee49d9-5870-4d75-97f7-380e17029bb8.html #LosAngeles #NOlympics,2,1,1,0.0037778674606570965,1.6204266351840922e-05,0.001075268817204301,230,1,127,1
113841220838978293,ai6yr@m.ai6yr.org,2025-01-17T01:59:31.000Z,"LA Times: Deputies warned to decontaminate clothes after lead, asbestos found in air near Eaton fire The Los Angeles County Sheriff’s Department sent an urgent message out to patrol cars Wednesday afternoon, warning deputies in Altadena that, after days of nearby wildfires, the air is so toxic they should wear masks and decontaminate their uniforms before stepping foot in their homes. Sent at 4:35 p.m., the message began “**Attn all personnel**” and said that the Los Angeles County Fire Departm…",6,0,6,0.0006081053049915404,0.0,0.01010160797080004,2,514,324,2
113943413034178574,ikluft@avgeek.social,2025-02-04T03:08:17.000Z,"This will take some adjustment... temperatures at current location #Melbourne, #Victoria, #Australia 38C/100F and at home Portland, Oregon, USA 4C/39F. #travel",4,1,3,0.0018184654263474307,0.0011667071773325463,0.003927068723702664,9,137,2,2
114860145563508434,CA_Politics_Huddle,2025-07-16T00:45:32.845Z,"@CA_Politics_Huddle CPH 7/15/25 Daily Bulletin 🧵 16/16 #RESOURCE: #Surveillance Self-Defense: Tips, Tools and How-tos for Safer Online Communications https://ssd.eff.org/ #DataPrivacy #DataSecurity",1,1,0,0.0037778674606570965,0.0,0.0,466,2,743,2
115339766448466679,ai6yr@m.ai6yr.org,2025-10-08T17:39:20.000Z,LA Times: Uber driver accused of intentionally starting fire that destroyed Pacific Palisades https://www.latimes.com/california/story/2025-10-08/palisades-fire-arrest #PalisadesFire #crime #wildfires #CAwx,5,0,5,0.0006081053049915404,0.0,0.005376344086021506,3,823,770,3
113928437993384728,ikluft@avgeek.social,2025-02-01T11:39:56.000Z,"Something you don't usually see in tourist photos of #Australia... Here's a #volcano. Today's #roadtrip ended at Mt Gambier, South Australia. The town is built around a maar volcano with two crater lakes. And SA is a new state for me. #travel",2,1,1,0.0026353880979297123,0.0011458731205944651,0.003806677193773968,132,44,3,3
114860138693212684,CA_Politics_Huddle,2025-07-16T00:43:48.013Z,"@CA_Politics_Huddle CPH 7/15/25 Daily Bulletin 🧵 14/16 #Intel job losses mount as 4,000 #layoffs are reported across multiple sites in #California, Oregon, Texas and Arizona https://www.pcgamer.com/hardware/processors/intel-job-losses-mount-as-4-000-layoffs-are-reported-across-multiple-sites-in-california-oregon-texas-and-arizona/",2,1,1,0.0036674811346303674,3.009363751056171e-05,0.0014336917562724014,229,3,99,3
113840094250970158,ai6yr@m.ai6yr.org,2025-01-16T21:13:01.000Z,"*** Mr. Lynch's death goes squarely into the bucket of ""Excess Mortality due to Wildfire, but not directly due to wildfire flames"" 😢 Living with emphysema, and exposure to wildfire smoke + stress = very bad outcome. 🙏",4,1,3,0.0008665005314964108,9.259580772480526e-06,0.0036219581211092244,4,369,152,4
113948256832071826,ikluft@avgeek.social,2025-02-04T23:40:05.000Z,"#Melbourne's Tullamarine Airport is the second busiest in #Australia by passenger volume, after Sydney, matching Melbourne's size as the second biggest city in the country. #MEL #YMML #aviation #travel #avgeek",3,1,2,0.0015612414023774932,0.001143558225401345,0.0038624083881666936,32,197,4,4
114860136342305497,CA_Politics_Huddle,2025-07-16T00:43:12.143Z,@CA_Politics_Huddle CPH 7/15/25 Daily Bulletin 🧵 13/16 Rep. Waters Op-Ed: My colleagues in Congress are making a mistake advancing these crypto bills https://www.msnbc.com/opinion/msnbc-opinion/colleagues-congress-are-making-mistake-advancing-crypto-bills-rcna218266 #Crypto #USPol,2,1,1,0.0035804177298289744,4.166811347616237e-05,0.0016129032258064516,228,4,82,4
113841504883463074,jeridansky@sfba.social,2025-01-17T03:11:48.000Z,"@ai6yr Do you know how you decontaminate your clothes? (I have a dear friend who died from asbestos exposure, so mention of asbestos always catches my eye.)",4,1,3,0.0006942370471598306,2.4306399527761383e-05,0.006872370266479663,5,457,109,5
114813422214081159,CA_Politics_Huddle,2025-07-07T18:43:11.112Z,"@CA_Politics_Huddle July 7th Daily Bulletin 🧵 12/14 6 months later, 12 ways the Eaton and Palisades fires changed Southern #California https://www.ocregister.com/2025/07/06/6-months-later-12-ways-the-eaton-and-palisades-fires-changed-southern-california/ #Wildfires #EatonFires #PalisadesFire #LosAngeles #SouthernCalifornia #ClimateCrisis",3,1,2,0.0034869444594271388,3.819577068648217e-05,0.0024193548387096775,45,5,85,5
113944156455859234,ikluft@avgeek.social,2025-02-04T06:17:20.000Z,"Last day of sightseeing in #Australia, back in #Melbourne... trains, state library, military history monument, river, etc. Hot weather🥵. #travel",2,1,1,0.0011223624068209311,0.001128511406646064,0.003708580206276059,133,339,5,5
113852279732365360,ai6yr@m.ai6yr.org,2025-01-19T00:51:58.000Z,"**this is why you can't wait for official evacuations to leave, and this is why no one should wait for police to knock on your door to evacuate.",4,1,3,0.0007803687893281207,8.102133175920461e-06,0.004789833822091887,6,423,160,6
113927269345612992,ikluft@avgeek.social,2025-02-01T06:42:37.000Z,"This seems both familiar and very different... For a brief moment #Portland, #Victoria, #Australia is the farthest place I've been from home in Portland, Oregon, USA. #travel #roadtrip",2,1,1,0.0023883607969495107,0.0011180943782770237,0.0036816647527577687,131,64,6,6
114819535806558015,CA_Politics_Huddle,2025-07-08T20:37:57.136Z,@CA_Politics_Huddle CPH July 8th Daily Bulletin 🧵 12/12 Fires and Heat Waves Don’t Stop Harmful Sweeps Of Unhoused Angelenos https://knock-la.com/fires-heat-waves-dont-stop-harmful-sweeps/ #Fires #Heatwave #Sweeps #Unhoused #LosAngeles,1,1,0,0.0034869444594271388,0.0,0.0,464,6,741,6
113885022794697047,ai6yr@m.ai6yr.org,2025-01-24T19:38:58.000Z,"One death due to a heart attack, which apparently was combined with smoke inhalation and burn injuries. (curious if the smoke inhalation and burn injuries caused the heart attack, or the other away)",4,1,3,0.0008665005314964108,5.787237982800329e-06,0.003840245775729647,7,377,181,7
113926738483470237,ikluft@avgeek.social,2025-02-01T04:27:44.000Z,"On the Great Ocean Road we stopped at limestone cliff and island formations at the Twelve Apostles, Loch Ard Gorge, London Bridge and Bay of Islands. #Victoria #Australia #roadtrip #travel",2,1,1,0.002098212242849549,0.0010880007407664618,0.0035718328078260166,130,92,7,7
114860130343672644,CA_Politics_Huddle,2025-07-16T00:41:40.607Z,@CA_Politics_Huddle CPH 7/15/25 Daily Bulletin 🧵 12/16 PODCAST: Why aren't filmmakers shooting in LA? https://open.spotify.com/episode/67jE1vNxoS2J6AEGMqdV6l?si=BLEZ5b2gShqkzwQwXp3SSw&nd=1&dlsi=6e21084490b442a5 #LosAngeles #Hollywood #Movies,2,1,1,0.0034869444594271388,5.09276942486429e-05,0.0017204301075268817,227,7,69,7
113920424691790294,ikluft@avgeek.social,2025-01-31T01:42:02.000Z,Some pictures from my exploration in #Melbourne #Australia. This is the farthest place I've been from home. #travel,4,1,3,0.0026256409033196468,0.0010822135027836615,0.003952233501874861,8,45,8,8
115363655220632038,ikluft@avgeek.social,2025-10-12T22:54:33.000Z,"Less than 2 weeks later on Jan 21, I saw from the air some of the aftermath of the #PalisadesFire. The darkened hills and gaps in city lights were obvious even in the dim light of twilight. I was on a flight descending to Los Angeles for my connection on my trip to Australia. https://avgeek.social/@ikluft/113869996607432173 #CAfire #CAwx #wildfires #SoCalFires",1,1,0,0.0034869444594271388,0.0,0.0,488,8,790,8
113948295594785732,ikluft@avgeek.social,2025-02-04T23:49:59.000Z,"I spy a red-tailed roo. Well, there are lots of these here. But this one will be my ride home. This is my first time flying on a Boeing 787 Dreamliner. This is a 787-9 model. Though I have been aboard static display 787-8 test planes in Seattle & Oshkosh which had ballast tanks instead of seats, and ""experimental"" painted over the doors. #MEL #YMML #aviation #travel #avgeek",3,1,2,0.0012712971802295316,0.0010625368936421403,0.003443243082238704,33,245,9,9
116747788123421878,appassionato,2026-06-14T09:37:52.489Z,"Flowers and a car are covered by fire retardant as the Palisades Fire burns in Mandeville Canyon, a neighborhood of Los Angeles, California, January 11. REUTERS/Ringo Chiu #photography #wildfires #LosAngeles",3,1,2,0.0034869444594271388,5.09276942486429e-05,0.002457757296466974,54,9,71,9
114137074317158961,ikluft@avgeek.social,2025-03-10T07:58:55.000Z,"I posted a YouTube video with narrated photos/videos from my trip to #Australia in late Jan / early Feb 2025. Thanks to friend & colleague @Leighton for acting as my local guide. Among sightseeing spots: Blue Mountains, Sydney Bridge Climb, Australia Day concert & fireworks in Sydney, Australian Parliament House in Canberra, Melbourne CBD, Great Ocean Road & Naracoorte Caves. Also Portland VIC, since I live in Portland OR. https://www.youtube.com/watch?v=6BZrHoR4Dv8 #aviation #travel #roadtrip…",4,1,3,0.0012277344926720718,0.0005555748463488316,0.004994797086368366,10,257,34,10
113925574281567722,ikluft@avgeek.social,2025-01-31T23:31:40.000Z,"Today everywhere we go is the new farthest place I've been from home. @Leighton is showing me the famous Great Ocean Road on the coast of #Victoria, #Australia. #travel #roadtrip",2,1,1,0.0017569863873287419,0.00105559220806278,0.0034746414513866894,128,145,10,10
114813389509833959,CA_Politics_Huddle,2025-07-07T18:34:52.085Z,@CA_Politics_Huddle July 7th Daily Bulletin 🧵 11/14 🚨 PeePee Alert 🚨 LA school district demands inquiry after Ice officers filmed urinating on campus https://www.theguardian.com/us-news/2025/jul/04/los-angeles-ice-officers-urinating #LosAngelels #AbolishICE #California,2,1,1,0.003381315451723032,4.629790386240263e-05,0.002150537634408602,205,10,76,10
115854611376078735,ai6yr@m.ai6yr.org,2026-01-07T15:51:03.000Z,"LA Times is continuing to gnaw on the Palisades and Eaton Fire failures... Although IMHO a chunk of this is the LA Times attempting to replace Mayor Karen Bass. (the other article on the same page is a right wing editorial on ""fraud"" supporting the crackdown in MN and suggesting Newsom is next... which is part of the right wing attempt to push out Democratic leaders using false accusations). #PalisadesFire #EatonFire #politics",4,0,4,0.0006081053049915404,0.0,0.004838709677419355,11,894,877,11
113904008684671882,ikluft@avgeek.social,2025-01-28T04:06:29.000Z,Explored Canberra yesterday ... and my post was supposed to be in this thread. So I'll insert a link to it. https://avgeek.social/@ikluft/113899635160280840,2,1,1,0.002378492064306427,0.001037073046517819,0.003836226405861989,113,66,11,11
