id,account,display_name,seed,event_post_count,degree,weighted_degree,degree_centrality,pagerank,betweenness_centrality,closeness_centrality,degree_rank,pagerank_rank,betweenness_rank,best_rank
109321601315889133,ai6yr@m.ai6yr.org,AI6YR Ben,1,236,91,405,0.457286432160804,0.23581755438304178,0.3736189364330068,0.4859517714357954,1,1,1,1
109525810222134461,ikluft@avgeek.social,Ian Kluft ✅✈️🎈🌋,1,74,18,91,0.09045226130653267,0.051410918517770736,0.0934977919902543,0.310306552844544,2,2,2,2
109362756966520946,BakerRL75@m.ai6yr.org,BakersRelay,0,35,9,26,0.04522613065326633,0.019431389805375517,0.027722789029321696,0.28723543367394594,3,4,3,3
108194856164807197,MsMerope@sfba.social,MsMerope,0,23,4,64,0.020100502512562814,0.033117086027138046,7.613826709304096e-05,0.2769402568397543,6,3,16,3
109277637336177593,jeridansky@sfba.social,Jeri Dansky,0,9,5,38,0.02512562814070352,0.018079135008200617,9.305788200260561e-05,0.27793644481399804,4,5,15,4
109364548884359930,MiBaWi@m.ai6yr.org,Michael Barthel / MiBaWi,0,18,4,8,0.020100502512562814,0.009788052916945995,0.018577737170701995,0.27995047702279513,8,13,4,4
109366550461584397,exador23@m.ai6yr.org,Hippy Steve,0,7,5,22,0.02512562814070352,0.013009725036998238,0.0064040742432702235,0.28096847875742353,5,7,9,5
109565536948024629,kevinrns@mstdn.social,Kevin Russell,0,6,2,20,0.010050251256281407,0.011450367336570646,0.018425460636515914,0.27995047702279513,40,11,5,5
109464403869787096,samhainnight@mstdn.social,Samhain Night,0,2,3,3,0.01507537688442211,0.00608194808332694,0.012435916958530024,0.27793644481399804,15,39,6,6
109679802491186088,JohnJBurnsIII@kzoo.to,John Burns,0,5,3,30,0.01507537688442211,0.014338894974651593,0.0,0.27595118449389805,19,6,110,6
109314719785101432,kellyromanych,KellyAnn Romanych (she/her),1,60,4,20,0.020100502512562814,0.011874606122516798,0.009204270510803175,0.27995047702279513,7,9,8,7
109521459175223917,aguamielerogpz@newsie.social,Eider,0,2,3,8,0.01507537688442211,0.007328228671364517,0.01238515811380133,0.1956109662235227,16,21,7,7
109569486384786760,jberry@m.ai6yr.org,jberry,0,3,3,12,0.01507537688442211,0.012563940671167043,0.00015227653418608191,0.01507537688442211,18,8,14,8
109544056586069897,Leighton@avgeek.social,Leighton,0,1,4,16,0.020100502512562814,0.008725275300104869,7.613826709304096e-05,0.2093938527324972,9,16,17,9
110240458469934942,TanyaGKasim,Tanya Kasim VOTED,0,3,4,14,0.020100502512562814,0.007412939064152144,1.6919614909564658e-05,0.2769402568397543,10,20,25,10
111270616296004000,camless@m.ai6yr.org,Cadmus,0,5,4,22,0.020100502512562814,0.011526567293359375,5.0758844728693974e-05,0.2769402568397543,11,10,19,10
113427093838958172,cvwarren@m.ai6yr.org,Colin Warren,0,4,3,10,0.01507537688442211,0.007573816472101655,0.006243337901629359,0.2769402568397543,21,19,10,10
58528,woozle@toot.cat,Woozle Hypertwin,0,1,2,3,0.010050251256281407,0.0037024024037626835,0.006243337901629359,0.27595118449389805,55,65,11,11
108209993019225688,rustoleumlove@mastodon.online,Anne Ominous,0,4,3,15,0.01507537688442211,0.009139725549663566,2.5379422364346987e-05,0.27595118449389805,12,15,21,12
109088011068906528,frank@f.reun.de,Frank 🛰️🛩️🪂⛵🛵🎿🔭,0,4,3,20,0.01507537688442211,0.010607781693609422,2.5379422364346987e-05,0.20882792340078773,13,12,22,12
109462894504903209,EugestShirley@m.ai6yr.org,Shirley Eugest,0,4,3,12,0.01507537688442211,0.0066883230617369015,0.00043145018019389875,0.2926754987056495,14,24,12,12
109344637925297796,easwatch@m.ai6yr.org,,0,0,2,5,0.010050251256281407,0.00402991171495219,0.00025379422364346985,0.2001718436743302,32,59,13,13
114547838217905149,mohammedEldeeb,Mohammed Eldeeb,0,2,2,3,0.010050251256281407,0.009562810230596642,5.0758844728693974e-05,0.010050251256281407,54,14,20,14
109521639763343689,Nshrubs@mstdn.social,nshrubs,0,2,3,11,0.01507537688442211,0.006992236446383617,2.5379422364346987e-05,0.27595118449389805,17,23,23,17
112170269206349103,meganL@mas.to,Megan Lynch (she/her),0,5,2,16,0.010050251256281407,0.00853181714886959,0.0,0.27496915180886644,49,17,154,17
110609610495588620,Finitum,,0,1,3,7,0.01507537688442211,0.005000750187711527,5.0758844728693974e-05,0.2769402568397543,20,46,18,18
109308055880859866,bgrinter@mastodon.sdf.org,Brian Grinter,0,4,2,15,0.010050251256281407,0.008170825540042264,0.0,0.20826504490105516,29,18,60,18
115143444131318194,ElyseMGrasso@wandering.shop,Elyse M Grasso,0,2,3,10,0.01507537688442211,0.0060247682825812065,2.5379422364346987e-05,0.27595118449389805,22,40,24,22
109303849360164627,BenAveling@mastodon.ie,Ben Aveling,0,3,2,13,0.010050251256281407,0.007001514589124656,0.0,0.27496915180886644,27,22,54,22
109185347246293613,fuzzface@epsilon-ix.masto.host,fuzzface,0,2,2,9,0.010050251256281407,0.005704988750799219,0.0,0.27496915180886644,23,43,35,23
