rank,keyword,post_count,post_share_percent,semantic_group,matched_patterns,rationale
1,Palisades Fire,482,96.4,event,\bpalisades\s+fire\b | \bpalisadesfire\b,Direct references to the focal disaster.
2,Eaton Fire,252,50.4,event,\beaton\s+fire\b | \beatonfire\b,A second Los Angeles fire frequently discussed alongside the focal event.
3,Los Angeles,179,35.8,place,\blos\s+angeles\b | \blosangeles\b | \bla\s+county\b | \blacounty\b,Regional references connecting the fire to Los Angeles.
4,Wildfire,170,34.0,hazard,\bwildfires?\b | \bwildfireseason\b,Broader hazard framing beyond the event name.
5,Malibu,72,14.4,place,\bmalibu\b,Nearby community repeatedly discussed in the sample.
6,Rain & Storm,67,13.4,hazard,\brain(?:fall|fall)?\b | \bstorms?\b,Post-fire weather conditions discussed in the sample.
7,California,65,13.0,place,\bcalifornia\b | \bcalfire\b,State-level location and response references.
8,Evacuation,54,10.8,response,\bevacuat(?:e|ed|es|ing|ion|ions)\b,Movement and safety instructions during the emergency.
9,Debris Flow & Flooding,52,10.4,hazard,\bdebris\s+flows?\b | \bmudslides?\b | \bflood(?:s|ed|ing)?\b | \bflash\s+floods?\b,Secondary hazards affecting burned areas.
10,Homes & Property,51,10.2,impact,\bhomes?\b | \bproperties?\b | \bbuildings?\b | \bresidences?\b,Built-environment impacts in affected communities.
11,Pacific Palisades,49,9.8,place,\bpacific\s+palisades\b | \bpacificpalisades\b,The neighborhood at the center of the event.
12,Damage & Loss,48,9.6,impact,\bdamag(?:e|ed|es)\b | \bdestroy(?:ed|s|ing)\b | \bdestruction\b | \bloss(?:es)?\b,Descriptions of physical and personal losses.
13,Burn Scar,36,7.2,hazard,\bburn\s+scars?\b | \bburned\s+areas?\b,Fire-damaged terrain vulnerable to later hazards.
14,Recovery & Rebuilding,29,5.8,recovery,\brecover(?:y|ies|ed|ing)?\b | \brebuild(?:s|ing|able)?\b | \breconstruction\b,Longer-term recovery after the immediate disaster.
15,Government & FEMA,25,5.0,cause & policy,\bfema\b | \bgovernment\b | \bgovernor\b | \bmayor\b,"Public institutions, officials, and recovery policy."
16,Containment & Acres,20,4.0,response,\bcontainment\b | \bacres?\b,Operational fire-size and containment updates.
17,Firefighters,16,3.2,response,\bfirefighters?\b | \bfire\s+crews?\b,Front-line emergency personnel.
18,Investigation & Arson,15,3.0,cause & policy,\barson\b | \binvestigat(?:e|ed|es|ing|ion|ions)\b | \bcause\s+of\s+the\s+fire\b,Discussion of the fire's origin and investigation.
19,Insurance,14,2.8,recovery,\binsurance\b | \binsurers?\b | \binsured\b,Financial recovery and coverage concerns.
20,Community Support,12,2.4,community,\bcommunity\s+support\b | \bdonat(?:e|ed|es|ing|ion|ions)\b | \bfundrais(?:er|ers|ing)\b | \brelief\s+fund\b,"Mutual aid, donations, and organized support."
21,Emergency Response,11,2.2,response,\bemergency\s+response\b | \bfirst\s+responders?\b | \bemergency\s+services?\b,Coordinated response and emergency-service discussion.
22,Smoke & Air Quality,9,1.8,impact,\bsmoke\b | \bair\s+quality\b,Environmental and health-related fire impacts.
23,Climate Change,3,0.6,cause & policy,\bclimate\s+change\b | \bclimate\s+crisis\b | \bglobal\s+warming\b,Climate-related interpretation of wildfire risk.
