id,account,display_name,seed,one_hop_relations,weighted_relations,pagerank,betweenness_centrality,closeness_centrality,local_clustering_coefficient
109321601315889133,ai6yr@m.ai6yr.org,AI6YR Ben,1,91,405.0,0.23581755438304178,0.3736189364330068,0.4859517714357954,0.007081807081807082
109525810222134461,ikluft@avgeek.social,Ian Kluft ✅✈️🎈🌋,1,18,91.0,0.051410918517770736,0.0934977919902543,0.310306552844544,0.032679738562091505
109362756966520946,BakerRL75@m.ai6yr.org,BakersRelay,0,9,26.0,0.019431389805375517,0.027722789029321696,0.28723543367394594,0.08333333333333333
109366550461584397,exador23@m.ai6yr.org,Hippy Steve,0,5,22.0,0.013009725036998238,0.0064040742432702235,0.28096847875742353,0.3
109277637336177593,jeridansky@sfba.social,Jeri Dansky,0,5,38.0,0.018079135008200617,9.305788200260561e-05,0.27793644481399804,0.6
109544056586069897,Leighton@avgeek.social,Leighton,0,4,16.0,0.008725275300104869,7.613826709304096e-05,0.2093938527324972,0.5
109364548884359930,MiBaWi@m.ai6yr.org,Michael Barthel / MiBaWi,0,4,8.0,0.009788052916945995,0.018577737170701995,0.27995047702279513,0.0
108194856164807197,MsMerope@sfba.social,MsMerope,0,4,64.0,0.033117086027138046,7.613826709304096e-05,0.2769402568397543,0.5
110240458469934942,TanyaGKasim,Tanya Kasim VOTED,0,4,14.0,0.007412939064152144,1.6919614909564658e-05,0.2769402568397543,0.8333333333333334
111270616296004000,camless@m.ai6yr.org,Cadmus,0,4,22.0,0.011526567293359375,5.0758844728693974e-05,0.2769402568397543,0.6666666666666666
109314719785101432,kellyromanych,KellyAnn Romanych (she/her),1,4,20.0,0.011874606122516798,0.009204270510803175,0.27995047702279513,0.16666666666666666
115143444131318194,ElyseMGrasso@wandering.shop,Elyse M Grasso,0,3,10.0,0.0060247682825812065,2.5379422364346987e-05,0.27595118449389805,0.6666666666666666
109462894504903209,EugestShirley@m.ai6yr.org,Shirley Eugest,0,3,12.0,0.0066883230617369015,0.00043145018019389875,0.2926754987056495,0.6666666666666666
110609610495588620,Finitum,,0,3,7.0,0.005000750187711527,5.0758844728693974e-05,0.2769402568397543,0.6666666666666666
109679802491186088,JohnJBurnsIII@kzoo.to,John Burns,0,3,30.0,0.014338894974651593,0.0,0.27595118449389805,1.0
109521639763343689,Nshrubs@mstdn.social,nshrubs,0,3,11.0,0.006992236446383617,2.5379422364346987e-05,0.27595118449389805,0.6666666666666666
109521459175223917,aguamielerogpz@newsie.social,Eider,0,3,8.0,0.007328228671364517,0.01238515811380133,0.1956109662235227,0.3333333333333333
113427093838958172,cvwarren@m.ai6yr.org,Colin Warren,0,3,10.0,0.007573816472101655,0.006243337901629359,0.2769402568397543,0.3333333333333333
109088011068906528,frank@f.reun.de,Frank 🛰️🛩️🪂⛵🛵🎿🔭,0,3,20.0,0.010607781693609422,2.5379422364346987e-05,0.20882792340078773,0.6666666666666666
109569486384786760,jberry@m.ai6yr.org,jberry,0,3,12.0,0.012563940671167043,0.00015227653418608191,0.01507537688442211,0.0
108209993019225688,rustoleumlove@mastodon.online,Anne Ominous,0,3,15.0,0.009139725549663566,2.5379422364346987e-05,0.27595118449389805,0.6666666666666666
109464403869787096,samhainnight@mstdn.social,Samhain Night,0,3,3.0,0.00608194808332694,0.012435916958530024,0.27793644481399804,0.0
109362556345297756,Barbramon1@mas.to,Barbara Monaco,0,2,3.0,0.0025598009965108097,0.0,0.27496915180886644,1.0
109303849360164627,BenAveling@mastodon.ie,Ben Aveling,0,2,13.0,0.007001514589124656,0.0,0.27496915180886644,1.0
111256716075028098,CassandraVert@indieweb.social,CassandraVert,0,2,3.0,0.0027625057953735562,0.0,0.27496915180886644,1.0
109294986589122732,JetCityStar@mstdn.social,Isaac Alexander,0,2,4.0,0.0028884241348978955,0.0,0.20826504490105516,1.0
109362316721172503,LPerry2,Cookiefiend,0,2,3.0,0.0027496846314586337,0.0,0.27995047702279513,1.0
113867080811525587,MakerAndBakerDesigns@pixelfed.social,Steve and Kristen,0,2,8.0,0.0047671935408432385,0.0,0.20826504490105516,1.0
109371847891875579,OLjohnel@m.ai6yr.org,Oly John,0,2,10.0,0.005735217019207877,0.0,0.27496915180886644,1.0
113976417919345667,alienghic@timeloop.cafe,Diane,0,2,8.0,0.005836733523977603,0.0,0.27595118449389805,1.0
109308055880859866,bgrinter@mastodon.sdf.org,Brian Grinter,0,2,15.0,0.008170825540042264,0.0,0.20826504490105516,1.0
110659067277544231,bowlcut@mastodon.online,KevinH,0,2,4.0,0.0037044877704033104,0.0,0.27496915180886644,1.0
109702660873984151,chris@mstdn.chrisalemany.ca,Chris Alemany🇺🇦🇨🇦🇪🇸,0,2,7.0,0.00456367574383249,0.0,0.27496915180886644,1.0
109316662041388619,conejoclint@m.ai6yr.org,[name] (he/him),0,2,7.0,0.004624253635958377,0.0,0.27496915180886644,1.0
109304935971837337,coolandnormal@aus.social,Birdhouse in Your [Redacted],0,2,3.0,0.0030535824758127538,0.0,0.27496915180886644,1.0
110640739957340079,deewani,deewani,0,2,4.0,0.003244619030900054,0.0,0.27995047702279513,1.0
109344637925297796,easwatch@m.ai6yr.org,,0,2,5.0,0.00402991171495219,0.00025379422364346985,0.2001718436743302,0.0
109185347246293613,fuzzface@epsilon-ix.masto.host,fuzzface,0,2,9.0,0.005704988750799219,0.0,0.27496915180886644,1.0
111685037704760083,iris@neuromatch.social,Iris Young (he/they/she) (PhD),0,2,5.0,0.0036738681634459792,0.0,0.27496915180886644,1.0
111089957634114690,j@mahalo.social,J,0,2,7.0,0.004869736961539532,0.0,0.27995047702279513,1.0
113918199347004515,jlamoree@infosec.exchange,Joseph Lamoree,0,2,8.0,0.005332600403884598,0.0,0.27496915180886644,1.0
109565536948024629,kevinrns@mstdn.social,Kevin Russell,0,2,20.0,0.011450367336570646,0.018425460636515914,0.27995047702279513,0.0
109320716444916965,lauerhahn@sfba.social,Louise Auerhahn :propride:,0,2,5.0,0.005062823686477096,0.0,0.14945131848799123,1.0
110433002329275149,mappingsupport@m.ai6yr.org,Joseph Elfelt,0,2,8.0,0.004982292189490143,0.0,0.27595118449389805,1.0
112170269206349103,meganL@mas.to,Megan Lynch (she/her),0,2,16.0,0.00853181714886959,0.0,0.27496915180886644,1.0
109276229792401080,mizblueprint@mastodon.online,mizblueprint,0,2,6.0,0.004529416506573966,0.0,0.27496915180886644,1.0
114547838217905149,mohammedEldeeb,Mohammed Eldeeb,0,2,3.0,0.009562810230596642,5.0758844728693974e-05,0.010050251256281407,0.0
113049439227521302,mwguy@infosec.exchange,mwguy,0,2,3.0,0.002515008358523643,0.0,0.27496915180886644,1.0
110640570007258764,oldjoestalin,Old Joe Stalin,0,2,3.0,0.0026936474943271135,0.0,0.27496915180886644,1.0
109537254594856796,rpmik@avgeek.social,Ryan M,0,2,3.0,0.002358842361737579,0.0,0.27496915180886644,1.0
109383357571366508,tezoatlipoca@mas.to,Third spruce tree on the left,0,2,5.0,0.0032936047580751095,0.0,0.27496915180886644,1.0
109299002467373902,tiamat271@mastodon.online,Jenny,0,2,5.0,0.003661572039696741,0.0,0.27496915180886644,1.0
109372040981377231,ufwupdates@union.place,,0,2,3.0,0.003402236469108016,0.0,0.14945131848799123,1.0
109361982880379903,volvodadfast,Volvodadfast,0,2,6.0,0.0042089179048966415,0.0,0.27496915180886644,1.0
58528,woozle@toot.cat,Woozle Hypertwin,0,2,3.0,0.0037024024037626835,0.006243337901629359,0.27595118449389805,0.0
109254519388773773,Alex_Verbeek,Alex Verbeek,0,1,2.0,0.006561679790026244,0.0,0.005025125628140704,0.0
1138175,Catawu,Cat West,0,1,6.0,0.00395385836515246,0.0,0.2739940838946506,0.0
114141745690997283,ClaudiaWinkelmann71@pixelfed.social,LearnAndUnlearn,0,1,2.0,0.0064200687701534195,0.0,0.006700167504187605,0.0
109327860275149734,ColesStreetPothole@weatherishappening.network,Coles Street Pothole,0,1,2.0,0.001974120767386778,0.0,0.2739940838946506,0.0
109366841555947654,DEDGirl@mastodon.world,,0,1,1.0,0.002707460406740624,0.0,0.19268411884860714,0.0
109797278252818197,ErrolNZ@mastodon.nz,Errol Cavit,0,1,2.0,0.0019446885876210954,0.0,0.20770519262981574,0.0
113832948745444828,FeloniousPunk@beige.party,FeloniousPunk,0,1,2.0,0.0027725890657416263,0.0,0.009045226130653266,0.0
111069595970574659,FinchHaven@sfba.social,,0,1,1.0,0.0016280207612690747,0.0,0.192204805120128,0.0
111109330643883082,GuyDudeman@beige.party,G.I. Robot :bc:,0,1,2.0,0.001974120767386778,0.0,0.2739940838946506,0.0
109419274002643262,Irishmasms@defcon.social,IrishMASMS,0,1,2.0,0.0019446885876210954,0.0,0.20770519262981574,0.0
109910403173574791,JoeBeam,Joe Beam,0,1,2.0,0.001974120767386778,0.0,0.2739940838946506,0.0
109373761760024781,K8tyCA@m.ai6yr.org,K8tyCA,0,1,2.0,0.003064259085061551,0.0,0.19364995403080565,0.0
109752047061675651,Kathmandu@stranger.social,Kathmandu,0,1,2.0,0.0019895467775687147,0.0,0.19413651170424992,0.0
109786748962788539,LAFD_bot@m.ai6yr.org,,0,1,1.0,0.001488915187925638,0.0,0.19364995403080565,0.0
112854264853553638,LATimes@flipboard.com,,0,1,1.0,0.0020332529893064407,0.0,0.19172787011982995,0.0
109479086979583600,Laukidh@infosec.exchange,Laukidh,0,1,7.0,0.0044487927645938796,0.0,0.2739940838946506,0.0
108194890308088987,Lazarou,Lazarou Monkey Terror 🚀💙🌈,0,1,2.0,0.001974120767386778,0.0,0.2739940838946506,0.0
109525270675236513,Lyle@cville.online,Lyle Solla-Yates,0,1,2.0,0.001974120767386778,0.0,0.2739940838946506,0.0
109521618249568229,MLE_online@social.afront.org,Emily Velasco,0,1,2.0,0.001974120767386778,0.0,0.2739940838946506,0.0
113851762197556170,Mark_Harbinger,Mark Harbinger,0,1,4.0,0.0029639895662696186,0.0,0.2739940838946506,0.0
109430712040937231,MollyNYC@mstdn.social,MollyNYC,0,1,1.0,0.006561679790026244,0.0,0.005025125628140704,0.0
109390409229717187,NewtonMark@eigenmagic.net,,0,1,2.0,0.0019446885876210954,0.0,0.20770519262981574,0.0
110052571791683859,Roentare,Photo Nutter from Melbourne,0,1,8.0,0.004825998444972569,0.0,0.20770519262981574,0.0
109391045419718303,SpaceLifeForm@infosec.exchange,SpaceLifeForm,0,1,2.0,0.001974120767386778,0.0,0.2739940838946506,0.0
113307464583381557,TENET_CDN,Jeffandthekid,0,1,2.0,0.001974120767386778,0.0,0.2739940838946506,0.0
111012175813159771,Tom@moule.world,Tom :TomSkate:,0,1,2.0,0.001974120767386778,0.0,0.2739940838946506,0.0
110897461087270374,TrickTim@mstdn.social,TrickTim,0,1,2.0,0.001974120767386778,0.0,0.2739940838946506,0.0
109467456996781783,VATVSLPR@c.im,Roger Moore,0,1,3.0,0.0024690551668281983,0.0,0.2739940838946506,0.0
109276676622445893,W6KME@mastodon.radio,W6KME,0,1,4.0,0.0029639895662696186,0.0,0.2739940838946506,0.0
117169473084457668,Zelda@m.ai6yr.org,Zelda,0,1,2.0,0.001974120767386778,0.0,0.2739940838946506,0.0
110088287007315114,appassionato,earthling,0,1,6.0,0.006561679790026244,0.0,0.005025125628140704,0.0
110266162634306901,arstechnica,,0,1,1.0,0.0014644702780625162,0.0,0.20770519262981574,0.0
109396635895543644,astroptere@masto.ai,,0,1,1.0,0.0016195011002605752,0.0,0.1971079889242129,0.0
109376883042037376,bedirthan@dice.camp,Dave Clark,0,1,4.0,0.0029639895662696186,0.0,0.2739940838946506,0.0
107589662702292545,beka_valentine@kolektiva.social,beka valentine,0,1,4.0,0.0029639895662696186,0.0,0.2739940838946506,0.0
109780588081944821,bosquebill@techhub.social,Bosque Bill,0,1,4.0,0.0029639895662696186,0.0,0.2739940838946506,0.0
792811,c_merriweather@social.linux.pizza,Kinene⭐🐻,0,1,2.0,0.001974120767386778,0.0,0.2739940838946506,0.0
108193759693986953,cainmark@mstdn.social,Cainmark Does Not Comply 🚲,0,1,2.0,0.001974120767386778,0.0,0.2739940838946506,0.0
110253827558017276,calfire_bot@m.ai6yr.org,,0,1,1.0,0.0014791863679453575,0.0,0.2739940838946506,0.0
113200132295857967,cbcnews@flipboard.com,,0,1,1.0,0.0014644702780625162,0.0,0.20770519262981574,0.0
113700218132604612,cecallihelper.bsky.social@bsky.brid.gy,,0,1,1.0,0.0037021603693286787,0.0,0.006700167504187605,0.0
113063102955050997,chunshek@prettyaweso.me,Chunshek :HomestarRunning:,0,1,2.0,0.001974120767386778,0.0,0.2739940838946506,0.0
109366041770161475,citydogsandcats@c.im,rena,0,1,2.0,0.006561679790026244,0.0,0.005025125628140704,0.0
109363062233496348,cmgrowell@m.ai6yr.org,cmgrowell,0,1,4.0,0.004560926162979315,0.0,0.009045226130653266,0.0
113371204894683573,cobalt123@beige.party,cobalt,0,1,2.0,0.001974120767386778,0.0,0.2739940838946506,0.0
109305315631888531,cvvhrn@sfba.social,FreddyB Aviation Photography,0,1,4.0,0.0029639895662696186,0.0,0.2739940838946506,0.0
110811919976627606,danwolfstone@mstdn.social,Dan Wolfstone,0,1,6.0,0.006561679790026244,0.0,0.005025125628140704,0.0
113612925814324486,darwinwoodka.bsky.social@bsky.brid.gy,Darwin Woodka,0,1,3.0,0.0024690551668281983,0.0,0.2739940838946506,0.0
109399233825895825,dave_andersen@hachyderm.io,David Andersen,0,1,2.0,0.001974120767386778,0.0,0.2739940838946506,0.0
108240981079141174,disability@a.gup.pe,,0,1,1.0,0.006561679790026244,0.0,0.005025125628140704,0.0
110662702605265128,driusan@doomscroller.social,D,0,1,4.0,0.0029639895662696186,0.0,0.2739940838946506,0.0
109299499797516201,eclectech@things.uk,,0,1,1.0,0.006561679790026244,0.0,0.005025125628140704,0.0
109410837547921359,events@mastodon.gamedev.place,Events for Gamers,0,1,1.0,0.006561679790026244,0.0,0.005025125628140704,0.0
112835949526346092,eventsforgamers@mastodon.gamedev.place,,0,1,1.0,0.006561679790026244,0.0,0.005025125628140704,0.0
111210117932795043,fluids_guru@kolektiva.social,fluids_guru,0,1,4.0,0.0029639895662696186,0.0,0.2739940838946506,0.0
109340625414220464,frogglin@theblower.au,Lyn,0,1,2.0,0.0019446885876210954,0.0,0.20770519262981574,0.0
109293849404033510,godzero@sfba.social,gz,0,1,6.0,0.006349263260217004,0.0,0.009045226130653266,0.0
109367865443855216,gooser3000,Knut Branson,0,1,2.0,0.001974120767386778,0.0,0.2739940838946506,0.0
107860226365441485,griff@libranet.de,Griff Ferrell,0,1,6.0,0.00395385836515246,0.0,0.2739940838946506,0.0
109317493120671996,hisstogramma@m.ai6yr.org,Hisstogramma,0,1,2.0,0.003064259085061551,0.0,0.19364995403080565,0.0
109366705982844485,ianjames@journa.host,,0,1,1.0,0.0016195011002605752,0.0,0.1971079889242129,0.0
109560317417390766,inoru_no_hoshi@blorbo.social,Inoru,0,1,2.0,0.001974120767386778,0.0,0.2739940838946506,0.0
114349784347156138,kusuriya@masto.hackers.town,Chapo (kk7hut),0,1,2.0,0.001974120767386778,0.0,0.2739940838946506,0.0
109300908322558834,luckytran@med-mastodon.com,,0,1,1.0,0.002707460406740624,0.0,0.19268411884860714,0.0
109276007211588752,msbellows@c.im,"M.S. Bellows, Jr.",0,1,2.0,0.001974120767386778,0.0,0.2739940838946506,0.0
109300010061732719,onyxraven@hachyderm.io,Justin 😸,0,1,5.0,0.003458923965711039,0.0,0.2739940838946506,0.0
108138122207700955,orci,J.R. Orci,0,1,2.0,0.001974120767386778,0.0,0.2739940838946506,0.0
113868184045370311,ottominati@mstdn.ca,Otto W,0,1,4.0,0.0029639895662696186,0.0,0.2739940838946506,0.0
412496,pesh,Peter Saathoff-Harshfield,0,1,2.0,0.001974120767386778,0.0,0.2739940838946506,0.0
109304464942897108,petergleick@fediscience.org,,0,1,1.0,0.006561679790026244,0.0,0.005025125628140704,0.0
112112233954551289,pixelpusher220@dmv.community,Pusher of Pixels,0,1,2.0,0.001974120767386778,0.0,0.2739940838946506,0.0
113809573080680866,poisonpunk@kolektiva.social,poison punk,0,1,2.0,0.003064259085061551,0.0,0.19364995403080565,0.0
109612954590547350,quokka1@mastodon.au,Quokka (on the move...),0,1,6.0,0.003865561825855411,0.0,0.20770519262981574,0.0
109948963947983998,riogreyhound,Trudy,0,1,2.0,0.001974120767386778,0.0,0.2739940838946506,0.0
109258025387991967,sadele2,sadele2,0,1,7.0,0.0044487927645938796,0.0,0.2739940838946506,0.0
109319765150489643,scerruti@csed.social,Stephen Cerruti,0,1,2.0,0.0022547502320172134,0.0,0.1971079889242129,0.0
109538323504476665,sciencewrighter@m.ai6yr.org,Sylvia Wright,0,1,1.0,0.006561679790026244,0.0,0.005025125628140704,0.0
109333705137753806,sciguyspace@journa.host,,0,1,1.0,0.0014644702780625162,0.0,0.20770519262981574,0.0
109268980483243765,simonbp@social.linux.pizza,simonbp,0,1,4.0,0.0029051252067382534,0.0,0.20770519262981574,0.0
113477804345261526,skiswm.bsky.social@bsky.brid.gy,Just Me,0,1,1.0,0.0014791863679453575,0.0,0.2739940838946506,0.0
109205963723515372,skua,skua,0,1,2.0,0.0019446885876210954,0.0,0.20770519262981574,0.0
108201864721973880,stacey_campbell@aus.social,Stacey Campbell,0,1,8.0,0.004943727164035299,0.0,0.2739940838946506,0.0
111187643456808385,steter@mastodon.stevesworld.co,Steve's Place,0,1,2.0,0.001974120767386778,0.0,0.2739940838946506,0.0
113292360995151258,stormchaser_bot@m.ai6yr.org,,0,1,1.0,0.0016195011002605752,0.0,0.1971079889242129,0.0
109323020032812696,tito_swineflu@sfba.social,Tito Swineflu,0,1,2.0,0.001974120767386778,0.0,0.2739940838946506,0.0
109306868500059329,ucaccessnow@sfba.social,UC Access Now,0,1,1.0,0.006561679790026244,0.0,0.005025125628140704,0.0
109552629781476696,violetmadder@kolektiva.social,Violet Madder,0,1,4.0,0.0029639895662696186,0.0,0.2739940838946506,0.0
110725554214022622,vogelsanglover@m.ai6yr.org,Plucky Flower,0,1,6.0,0.00395385836515246,0.0,0.2739940838946506,0.0
1272131,zl2tod@mastodon.online,zl2tod,0,1,2.0,0.001974120767386778,0.0,0.2739940838946506,0.0
114168445468798810,Annakarolinaheinrich,Anna Karolina Heinrich,0,0,0.0,0.0009842519685039372,0.0,0.0,0.0
114810496607568673,CA_Politics_Huddle,California Politics Huddle,1,0,0.0,0.0009842519685039372,0.0,0.0,0.0
110408117981784629,CynthesisToday@sfba.social,CynthesisToday,0,0,0.0,0.0009842519685039372,0.0,0.0,0.0
109902829147210684,DebErupts,Deborah Rose ❌👑,0,0,0.0,0.0009842519685039372,0.0,0.0,0.0
113792111972906104,Dj_Miami,DJ Miami Main,0,0,0.0,0.0009842519685039372,0.0,0.0,0.0
113643349398355830,Doomscroll@zirk.us,𝕯𝖔𝖔𝖒𝖘𝖈𝖗𝖔𝖑𝖑™,0,0,0.0,0.0009842519685039372,0.0,0.0,0.0
109367452842773908,DoomsdaysCW@kolektiva.social,DoomsdaysCW,0,0,0.0,0.0009842519685039372,0.0,0.0,0.0
109279748980606315,Galley@mastodon.online,Gregg Alley,0,0,0.0,0.0009842519685039372,0.0,0.0,0.0
109367635728452603,Iamgtsmith@mstdn.ca,Geraldo 🌎,0,0,0.0,0.0009842519685039372,0.0,0.0,0.0
109297171925476825,IveyJanette,Ivey Janette McClelland,0,0,0.0,0.0009842519685039372,0.0,0.0,0.0
109932807408762309,IviChoc@mastodon.online,Ivi Choc,0,0,0.0,0.0009842519685039372,0.0,0.0,0.0
110875475891251931,JTO_is_Typing@mstdn.games,JTO is Typing,0,0,0.0,0.0009842519685039372,0.0,0.0,0.0
109373992709176037,Mikasa4231@universeodon.com,Mikasa4231,0,0,0.0,0.0009842519685039372,0.0,0.0,0.0
109526643276401942,MrWtr0102@mastodon.sdf.org,MrWtr0102,0,0,0.0,0.0009842519685039372,0.0,0.0,0.0
109303988606874604,Nonilex@masto.ai,Nonilex,0,0,0.0,0.0009842519685039372,0.0,0.0,0.0
113772982090134085,OFMDRecaps@blorbo.social,OFMD Recaps,0,0,0.0,0.0009842519685039372,0.0,0.0,0.0
113433484173753003,PoliticalFeed,Political Feed,0,0,0.0,0.0009842519685039372,0.0,0.0,0.0
113354182625370672,SocialNewsXYZ@www.socialnews.xyz,Social News XYZ,0,0,0.0,0.0009842519685039372,0.0,0.0,0.0
113529111147117132,UnionizedNetizen@union.place,Unionized Netizen,0,0,0.0,0.0009842519685039372,0.0,0.0,0.0
1156890,adamasnemesis@social.adamasnemesis.com,Adamas Nemesis,0,0,0.0,0.0009842519685039372,0.0,0.0,0.0
110729135535721600,aerobuzz@piaille.fr,Aerobuzz / JumpSeat,0,0,0.0,0.0009842519685039372,0.0,0.0,0.0
113505757124585364,ai6yr.bsky.social@bsky.brid.gy,AI6YR Ben,0,0,0.0,0.0009842519685039372,0.0,0.0,0.0
110586099686908121,allaboutgeorge@sfba.social,George Kelly,0,0,0.0,0.0009842519685039372,0.0,0.0,0.0
113490368041027801,arch@fedi.gremlin.work,Arch Gremlin,0,0,0.0,0.0009842519685039372,0.0,0.0,0.0
106199846482333151,ashed@mastodon.ml,Who Let The Dogs Out 🐾,0,0,0.0,0.0009842519685039372,0.0,0.0,0.0
113298755582238590,breakthrough_news_archive@tankie.tube,BreakThrough News Archive,0,0,0.0,0.0009842519685039372,0.0,0.0,0.0
109271441687908011,ccferrie@mastodon.ie,Ciarán Ferrie,0,0,0.0,0.0009842519685039372,0.0,0.0,0.0
109367280742814706,cookiesinheaven@m.ai6yr.org,jj the Santa Barbarian,0,0,0.0,0.0009842519685039372,0.0,0.0,0.0
113503261354774117,cybergeo@mapstodon.space,Cybergeo,0,0,0.0,0.0009842519685039372,0.0,0.0,0.0
1146980,dancingtreefrog,David W. Jones,0,0,0.0,0.0009842519685039372,0.0,0.0,0.0
109331764773471102,dbattistella@mstdn.ca,DB 🌱💦,0,0,0.0,0.0009842519685039372,0.0,0.0,0.0
110900137009049026,deadline,Deadline,1,0,0.0,0.0009842519685039372,0.0,0.0,0.0
109522241056920042,djcomatose@mastodon.world,DJ Comatose,0,0,0.0,0.0009842519685039372,0.0,0.0,0.0
113392665667361986,drweb2@drwebdomain.blog,DrWeb,0,0,0.0,0.0009842519685039372,0.0,0.0,0.0
111193970138451644,dustcircle,Steve Dustcircle 🌹,0,0,0.0,0.0009842519685039372,0.0,0.0,0.0
113868212152895346,eforestal@masto.es,Educación Forestal,0,0,0.0,0.0009842519685039372,0.0,0.0,0.0
109302595533822130,ginaintheburg@mastodon.world,Gina Intheburg 🇺🇦 🌻 🥥🌴,0,0,0.0,0.0009842519685039372,0.0,0.0,0.0
109464696912608777,ginichavez@mas.to,Virginia Chavez,0,0,0.0,0.0009842519685039372,0.0,0.0,0.0
110895267191819952,glbc_mirror@mastodon.hongkongers.net,Global News BC,0,0,0.0,0.0009842519685039372,0.0,0.0,0.0
110899192283194202,glnational_mirror@mastodon.hongkongers.net,Global News National,0,0,0.0,0.0009842519685039372,0.0,0.0,0.0
110883678926376390,glnews_mirror@mastodon.hongkongers.net,Global News,0,0,0.0,0.0009842519685039372,0.0,0.0,0.0
110879194335060326,glokanagan_mirror@mastodon.hongkongers.net,Global News Okanagan,0,0,0.0,0.0009842519685039372,0.0,0.0,0.0
110887970600911777,glusnews_mirror@mastodon.hongkongers.net,Global News US News,0,0,0.0,0.0009842519685039372,0.0,0.0,0.0
113621149090180871,gporterwx.bsky.social@bsky.brid.gy,Greg Porter,0,0,0.0,0.0009842519685039372,0.0,0.0,0.0
108165053108220032,gtbarry,gtbarry,0,0,0.0,0.0009842519685039372,0.0,0.0,0.0
109354564202240035,gwaldby,GailWaldby@bsky.social❌👑,0,0,0.0,0.0009842519685039372,0.0,0.0,0.0
114048194944023530,h4ckernews,Hacker News,0,0,0.0,0.0009842519685039372,0.0,0.0,0.0
110900324964412148,hollywoodreporter,The Hollywood Reporter,1,0,0.0,0.0009842519685039372,0.0,0.0,0.0
109377851387696966,iuculano@masto.ai,joe•iuculano :mastodon:,0,0,0.0,0.0009842519685039372,0.0,0.0,0.0
109362401574115942,longreads@mastodon.world,Longreads,0,0,0.0,0.0009842519685039372,0.0,0.0,0.0
109379654728050308,ml@ecoevo.social,Megan Lynch (she/her),0,0,0.0,0.0009842519685039372,0.0,0.0,0.0
114161776106042117,mochy.bsky.social@bsky.brid.gy,m o c h y,0,0,0.0,0.0009842519685039372,0.0,0.0,0.0
109237602809603384,patrickokeefe,Patrick O'Keefe,0,0,0.0,0.0009842519685039372,0.0,0.0,0.0
115888887249798032,sassylady4freedom.bsky.social@bsky.brid.gy,Lady4Freedom,0,0,0.0,0.0009842519685039372,0.0,0.0,0.0
113119208565517802,sikar24@sikar24.com,sikar24,0,0,0.0,0.0009842519685039372,0.0,0.0,0.0
110895665584209090,variety_feed,Variety,0,0,0.0,0.0009842519685039372,0.0,0.0,0.0
